city,neighborhood,property_type,bedrooms,bathrooms,living_area_sqft,lot_size_sqft,year_built,garage,basement,sale_year,sale_price
Châteauguay,Centre-Ville,Townhouse,3,2,1160,2304.0,2022,yes,no,2024,326000
Trois-Rivières,Cap-de-la-Madeleine,Duplex,4,4,1807,5869.0,2006,no,yes,2025,444000
Lévis,Charny,Townhouse,3,1,803,3387.0,1989,yes,yes,2025,273000
Laval,Fabreville,Single Family,3,3,1083,11417.0,1972,yes,yes,2023,465000
Victoriaville,Centre-Ville,Single Family,4,3,2081,5682.0,1967,yes,yes,2023,458000
Montréal,Outremont,Townhouse,3,3,1036,3343.0,1939,no,yes,2023,383000
Sherbrooke,Lennoxville,Single Family,4,2,1767,4750.0,2007,yes,yes,2023,475000
Lévis,Saint-Nicolas,Townhouse,4,2,1178,2763.0,1956,no,no,2024,337000
Saint-Jérôme,Bellefeuille,Bungalow,4,1,1063,5380.0,1984,yes,yes,2025,386000
Longueuil,Vieux-Longueuil,Townhouse,3,1,1314,2791.0,2017,yes,no,2022,423000
Laval,Pont-Viau,Townhouse,3,2,1099,2811.0,2000,no,yes,2022,431000
Mirabel,Sainte-Monique,Single Family,4,2,1450,6792.0,1975,yes,no,2024,479000
Châteauguay,Centre-Ville,Single Family,4,3,1642,6265.0,1964,yes,yes,2021,383000
Val-d'Or,Val-d'Or Centre,Single Family,4,4,1259,7170.0,1962,yes,no,2023,284000
Laval,Duvernay,Duplex,5,3,1623,4816.0,1986,yes,yes,2023,648000
Châteauguay,Centre-Ville,Triplex,6,4,2371,5122.0,1987,no,yes,2024,559000
Montréal,Outremont,Bungalow,3,2,1149,4139.0,1989,yes,yes,2024,586000
Montréal,Verdun,Duplex,6,4,1984,5285.0,1955,no,yes,2024,723000
Mirabel,Sainte-Monique,Duplex,5,2,1612,4032.0,2023,yes,no,2025,589000
Saint-Jérôme,Bellefeuille,Townhouse,2,2,1085,2989.0,1977,yes,yes,2024,353000
Gatineau,Hull,Duplex,6,4,1558,7432.0,1969,yes,yes,2025,602000
Mirabel,Saint-Canut,Single Family,6,3,1537,4684.0,2023,yes,yes,2024,494000
Blainville,Blainville Centre,Single Family,4,1,1135,8155.0,1983,no,yes,2024,354000
Laval,Fabreville,Single Family,4,2,982,5761.0,1985,yes,yes,2023,538000
Montréal,Hochelaga-Maisonneuve,Townhouse,3,2,1069,3890.0,1924,no,yes,2023,383000
Québec,Limoilou,Townhouse,3,2,961,3485.0,1999,yes,yes,2024,285000
Laval,Duvernay,Duplex,4,3,1610,5639.0,1995,yes,yes,2023,600000
Montréal,Outremont,Single Family,6,3,1946,12159.0,2001,no,yes,2024,708000
Sherbrooke,Centre-Ville,Single Family,5,3,1770,5529.0,2001,yes,yes,2021,504000
Montréal,Lachine,Duplex,5,3,1960,4686.0,2021,yes,yes,2025,927000
Trois-Rivières,Centre-Ville,Single Family,4,2,1134,8763.0,1994,no,yes,2025,425000
Drummondville,Saint-Charles,Single Family,5,3,1205,6992.0,2013,no,yes,2021,260000
Saint-Jean-sur-Richelieu,Iberville,Townhouse,2,2,1119,3690.0,1983,yes,yes,2022,242000
Québec,Lebourgneuf,Triplex,8,4,2465,4735.0,2012,no,yes,2024,622000
Montréal,Rosemont,Single Family,3,2,1713,7117.0,1986,yes,yes,2022,595000
Mirabel,Sainte-Monique,Bungalow,3,1,865,3138.0,1997,yes,yes,2024,403000
Victoriaville,Centre-Ville,Triplex,7,4,2302,3161.0,1975,yes,no,2025,771000
Vaudreuil-Dorion,Centre-Ville,Single Family,3,3,2123,5227.0,2003,yes,yes,2024,574000
Brossard,Secteur A,Duplex,4,4,1576,6641.0,2023,yes,yes,2024,706000
Longueuil,Vieux-Longueuil,Single Family,6,3,1313,10233.0,1998,no,yes,2025,853000
Sherbrooke,Centre-Ville,Single Family,3,2,1973,6900.0,1959,yes,yes,2022,419000
Brossard,Secteur B,Single Family,5,3,1648,4026.0,1962,yes,yes,2025,580000
Rouyn-Noranda,Rouyn Centre,Single Family,4,2,1924,5534.0,1959,yes,yes,2022,386000
Pointe-Claire,West Island,Single Family,4,3,1398,3611.0,1963,yes,yes,2024,730000
Vaudreuil-Dorion,Centre-Ville,Triplex,5,5,1724,4741.0,1997,yes,no,2025,707000
Saint-Jean-sur-Richelieu,Iberville,Single Family,4,3,1116,11119.0,1990,no,yes,2025,422000
Québec,Sillery,Single Family,4,4,1142,7180.0,1907,yes,yes,2024,418000
Montréal,Plateau-Mont-Royal,Bungalow,3,1,958,5020.0,1908,yes,yes,2021,348000
Laval,Fabreville,Triplex,6,4,2669,3109.0,1982,yes,yes,2023,952000
Terrebonne,Terrebonne Ouest,Townhouse,3,2,1056,2595.0,2004,yes,yes,2023,422000
Montréal,Villeray,Duplex,3,3,1802,3958.0,1996,no,yes,2021,574000
Rimouski,Rimouski Centre,Single Family,4,3,1469,7966.0,1999,yes,no,2022,195000
Québec,Val-Bélair,Single Family,2,3,1540,9726.0,2021,yes,yes,2024,476000
Longueuil,Le Vieux-Longueuil,Duplex,4,3,1725,4941.0,1957,yes,no,2023,703000
Victoriaville,Centre-Ville,Townhouse,4,2,1136,4010.0,1975,no,yes,2023,381000
Granby,Centre-Ville,Single Family,4,3,1942,9522.0,2022,yes,yes,2025,800000
Sherbrooke,Fleurimont,Townhouse,3,3,953,2221.0,1984,yes,yes,2023,235000
Saguenay,La Baie,Bungalow,3,2,1141,6590.0,1985,yes,no,2025,369000
Gatineau,Hull,Single Family,5,2,1573,4054.0,1988,no,no,2025,564000
Dollard-des-Ormeaux,West Island,Duplex,3,3,1620,5065.0,2015,no,no,2024,621000
Montréal,Ahuntsic,Townhouse,2,3,871,2919.0,2021,yes,yes,2024,419000
Laval,Chomedey,Duplex,4,3,1632,4677.0,2007,yes,yes,2022,631000
Gatineau,Hull,Single Family,3,2,1753,8418.0,1971,yes,yes,2023,623000
Montréal,LaSalle,Single Family,4,3,988,4194.0,1949,no,yes,2025,466000
Trois-Rivières,Cap-de-la-Madeleine,Townhouse,3,3,1141,2360.0,1996,yes,no,2024,262000
Brossard,Secteur C,Duplex,5,3,1655,3678.0,1990,yes,no,2025,623000
Terrebonne,La Plaine,Single Family,2,3,1254,7162.0,1974,yes,yes,2025,670000
Montréal,Mercier,Single Family,5,3,1462,8322.0,1954,no,yes,2022,614000
Trois-Rivières,Trois-Rivières-Ouest,Single Family,5,3,1526,9835.0,1967,yes,yes,2025,377000
Saint-Jérôme,Bellefeuille,Single Family,5,3,1501,4236.0,1978,no,yes,2023,401000
Saint-Bruno-de-Montarville,Centre-Ville,Single Family,3,3,1851,4364.0,2017,no,yes,2023,525000
Québec,Sillery,Townhouse,3,1,1097,3591.0,1969,yes,yes,2025,281000
Montréal,Villeray,Single Family,5,1,1505,8405.0,1978,yes,no,2021,490000
Montréal,LaSalle,Duplex,6,2,1553,3298.0,1991,no,yes,2023,792000
Granby,Centre-Ville,Duplex,5,2,1606,4428.0,1990,yes,no,2025,499000
Repentigny,Repentigny Centre,Single Family,3,1,1218,5600.0,1980,yes,no,2021,373000
Boucherville,Boucherville Centre,Triplex,6,3,2603,4126.0,1977,yes,no,2022,723000
Victoriaville,Centre-Ville,Single Family,4,2,1638,10247.0,1972,yes,yes,2024,508000
Brossard,Secteur B,Single Family,5,2,1558,9091.0,1978,yes,yes,2024,712000
Québec,Sillery,Single Family,3,1,1708,7051.0,1933,yes,no,2023,389000
Brossard,Secteur B,Single Family,4,3,1099,8889.0,2005,yes,yes,2022,461000
Mirabel,Saint-Canut,Townhouse,3,2,847,2174.0,2011,yes,yes,2023,303000
Québec,Val-Bélair,Single Family,5,2,1554,4824.0,1928,yes,yes,2025,387000
Gatineau,Aylmer,Single Family,3,1,1066,5778.0,1998,yes,yes,2023,361000
Montréal,Ville-Marie,Single Family,4,2,1008,9336.0,1982,no,yes,2023,485000
Gatineau,Gatineau Centre,Single Family,3,2,1998,10005.0,1979,yes,yes,2025,801000
Montréal,LaSalle,Townhouse,3,2,811,2629.0,1993,no,no,2024,300000
Québec,Sillery,Single Family,4,2,2012,5270.0,1978,yes,yes,2022,450000
Sherbrooke,Lennoxville,Single Family,6,2,1414,11840.0,2003,yes,no,2023,461000
Terrebonne,Terrebonne Ouest,Single Family,3,3,1816,8262.0,2011,yes,yes,2021,576000
Sherbrooke,Centre-Ville,Single Family,5,3,1311,4730.0,2006,no,yes,2025,438000
Montréal,Pointe-aux-Trembles,Duplex,5,2,1495,4653.0,1912,yes,yes,2023,595000
Saint-Jean-sur-Richelieu,Iberville,Single Family,3,3,1393,5171.0,1958,yes,no,2025,420000
Lévis,Saint-Nicolas,Single Family,4,2,1592,9376.0,2016,yes,yes,2022,263000
Mirabel,Sainte-Monique,Single Family,4,2,2046,6970.0,2015,yes,no,2024,520000
Québec,Sainte-Foy,Single Family,4,2,1567,9299.0,2018,yes,yes,2025,499000
Laval,Chomedey,Single Family,4,2,1362,8072.0,2003,yes,yes,2021,396000
Laval,Duvernay,Single Family,4,2,1595,10248.0,1983,yes,no,2025,758000
Brossard,Secteur A,Single Family,4,2,1806,7246.0,1976,yes,yes,2021,613000
Montréal,Ville-Marie,Single Family,2,4,1293,7271.0,1986,yes,yes,2021,405000
Saguenay,Jonquière,Single Family,6,3,1447,4424.0,2008,yes,yes,2024,365000
Dollard-des-Ormeaux,West Island,Single Family,5,3,1815,6082.0,2011,no,yes,2021,533000
Longueuil,Greenfield Park,Single Family,5,2,1172,4574.0,1994,yes,yes,2024,596000
Laval,Fabreville,Single Family,3,4,1615,4283.0,1986,yes,no,2024,707000
Saguenay,Jonquière,Single Family,4,2,2060,7267.0,2015,yes,no,2025,416000
Repentigny,Repentigny Centre,Townhouse,3,1,946,3350.0,1989,yes,yes,2025,395000
Rouyn-Noranda,Rouyn Centre,Duplex,4,3,1370,5791.0,1997,no,yes,2025,452000
Boucherville,Boucherville Centre,Bungalow,3,1,951,3635.0,1983,yes,yes,2025,654000
Trois-Rivières,Trois-Rivières-Ouest,Single Family,3,3,1434,6916.0,1998,yes,yes,2023,341000
Gatineau,Aylmer,Townhouse,3,1,1210,3095.0,1967,yes,yes,2022,349000
Mirabel,Saint-Canut,Single Family,4,3,1596,6216.0,2020,yes,yes,2025,513000
Laval,Duvernay,Single Family,3,2,1394,4145.0,2015,yes,yes,2024,567000
Sherbrooke,Lennoxville,Single Family,5,4,1518,7016.0,1963,yes,yes,2023,421000
Québec,Sainte-Foy,Townhouse,3,2,1008,3296.0,1917,yes,yes,2022,264000
Saint-Jean-sur-Richelieu,Centre-Ville,Single Family,3,2,1628,9664.0,2018,yes,yes,2024,470000
Longueuil,Saint-Hubert,Single Family,6,1,1431,6673.0,1956,yes,yes,2021,445000
Terrebonne,La Plaine,Single Family,3,4,1559,11042.0,1962,yes,yes,2023,721000
Laval,Duvernay,Single Family,6,2,1609,8683.0,1985,yes,yes,2025,850000
Laval,Pont-Viau,Single Family,6,1,1467,5017.0,1988,yes,no,2023,514000
Sherbrooke,Centre-Ville,Single Family,3,2,1470,4986.0,1976,yes,no,2021,366000
Montréal,Plateau-Mont-Royal,Single Family,3,4,1722,5706.0,1994,yes,no,2025,707000
Vaudreuil-Dorion,Centre-Ville,Single Family,5,1,1257,7131.0,2000,no,yes,2022,388000
Blainville,Blainville Centre,Single Family,5,2,1883,10710.0,1992,yes,yes,2025,653000
Vaudreuil-Dorion,Centre-Ville,Duplex,4,3,1420,5753.0,1969,yes,yes,2025,576000
Granby,Centre-Ville,Triplex,6,4,2421,3723.0,1978,yes,no,2025,871000
Longueuil,Vieux-Longueuil,Duplex,5,3,2100,4855.0,1958,yes,yes,2024,675000
Alma,Alma Centre,Single Family,4,2,1971,9691.0,2014,yes,yes,2024,369000
Saint-Jean-sur-Richelieu,Centre-Ville,Single Family,5,3,1799,7744.0,2013,yes,yes,2023,408000
Saint-Jean-sur-Richelieu,Iberville,Single Family,4,3,1395,10176.0,1999,yes,yes,2024,370000
Montréal,Mercier,Single Family,6,2,1817,6423.0,1971,yes,yes,2024,734000
Terrebonne,Terrebonne Ouest,Single Family,4,3,1855,5386.0,1993,no,yes,2024,851000
Québec,Val-Bélair,Duplex,4,2,1797,3480.0,1933,yes,no,2024,448000
Sherbrooke,Centre-Ville,Single Family,5,2,1397,4377.0,2020,yes,yes,2025,457000
Montréal,Mercier,Single Family,3,3,1564,4716.0,1957,no,yes,2024,662000
Gatineau,Aylmer,Single Family,5,2,1165,7221.0,1999,yes,yes,2021,387000
Lévis,Charny,Bungalow,3,1,981,4832.0,1989,yes,yes,2025,394000
Trois-Rivières,Trois-Rivières-Ouest,Single Family,5,3,1705,5800.0,1996,no,yes,2025,477000
Boucherville,Boucherville Centre,Single Family,5,2,1448,11593.0,1957,yes,yes,2024,587000
Gatineau,Hull,Single Family,6,3,1208,3201.0,1984,no,no,2024,450000
Montréal,Plateau-Mont-Royal,Single Family,6,2,1799,5176.0,1953,yes,yes,2024,628000
Montréal,Pointe-aux-Trembles,Single Family,5,2,1745,7113.0,1960,no,yes,2023,588000
Montréal,Plateau-Mont-Royal,Single Family,2,2,2122,8816.0,1957,yes,no,2025,762000
Laval,Chomedey,Triplex,6,6,2525,4198.0,1990,yes,yes,2022,936000
Dollard-des-Ormeaux,West Island,Single Family,4,4,1991,9208.0,2008,yes,yes,2025,973000
Montréal,Lachine,Townhouse,3,2,987,2543.0,1948,no,no,2022,287000
Québec,Limoilou,Single Family,6,3,1069,7956.0,1913,yes,yes,2023,311000
Montréal,Pointe-aux-Trembles,Single Family,4,3,1998,7025.0,1955,no,yes,2024,619000
Longueuil,Vieux-Longueuil,Single Family,2,2,1336,12225.0,1996,yes,yes,2023,653000
Gatineau,Hull,Single Family,5,3,1404,10806.0,1955,yes,yes,2024,583000
Saint-Bruno-de-Montarville,Centre-Ville,Duplex,4,3,1907,3380.0,1961,yes,yes,2021,440000
Sherbrooke,Rock Forest,Bungalow,2,1,914,4041.0,1994,no,no,2023,343000
Châteauguay,Centre-Ville,Duplex,5,2,1242,6763.0,1955,yes,yes,2024,308000
Dollard-des-Ormeaux,West Island,Single Family,3,2,1882,6645.0,1957,no,no,2025,623000
Montréal,Plateau-Mont-Royal,Single Family,4,2,1489,3916.0,1921,no,yes,2025,647000
Lévis,Lévis Centre,Duplex,5,3,1504,4151.0,2004,yes,yes,2021,293000
Alma,Alma Centre,Single Family,4,3,1955,6914.0,1994,yes,no,2024,325000
Drummondville,Saint-Charles,Single Family,2,2,1467,5408.0,1963,yes,yes,2025,371000
Montréal,Outremont,Townhouse,3,2,1059,2457.0,1964,yes,yes,2025,426000
Lévis,Lévis Centre,Single Family,4,3,1832,5744.0,1973,yes,yes,2021,409000
Longueuil,Greenfield Park,Single Family,4,3,1223,4865.0,1987,yes,yes,2025,680000
Lévis,Saint-Nicolas,Single Family,4,1,2161,11027.0,1973,yes,yes,2021,401000
Québec,Lebourgneuf,Single Family,4,2,1571,9106.0,1988,no,yes,2023,333000
Trois-Rivières,Cap-de-la-Madeleine,Single Family,3,4,1301,5939.0,1989,yes,yes,2022,297000
Laval,Chomedey,Triplex,7,4,2630,4599.0,2018,yes,yes,2024,1087000
Dollard-des-Ormeaux,West Island,Single Family,3,2,1209,11539.0,1969,yes,yes,2024,688000
Saint-Jean-sur-Richelieu,Centre-Ville,Townhouse,3,2,1063,2459.0,2006,yes,yes,2024,263000
Châteauguay,Centre-Ville,Single Family,3,3,1645,6354.0,2013,yes,yes,2022,382000
Montréal,Lachine,Triplex,5,6,2768,6463.0,1958,yes,yes,2022,865000
Granby,Centre-Ville,Single Family,2,2,863,9067.0,2014,yes,yes,2021,298000
Lévis,Charny,Single Family,3,2,1505,7033.0,1998,yes,yes,2023,396000
Longueuil,Greenfield Park,Single Family,3,3,1563,8478.0,2009,yes,yes,2021,564000
Québec,Lebourgneuf,Single Family,4,2,1943,12185.0,2023,yes,yes,2025,503000
Victoriaville,Centre-Ville,Single Family,2,3,1522,3796.0,2011,yes,yes,2022,364000
Montréal,LaSalle,Townhouse,3,2,963,2555.0,1954,no,no,2022,304000
Montréal,Hochelaga-Maisonneuve,Duplex,3,4,1856,3998.0,2007,no,yes,2023,653000
Laval,Duvernay,Townhouse,4,3,824,3701.0,2017,no,yes,2021,315000
Dollard-des-Ormeaux,West Island,Single Family,4,3,1161,13239.0,1958,yes,no,2022,486000
Saguenay,Chicoutimi,Single Family,6,3,1778,10894.0,1975,no,yes,2021,305000
Brossard,Solar Uniquartier,Triplex,4,5,2101,3920.0,1981,no,yes,2023,807000
Laval,Fabreville,Triplex,6,6,2358,3589.0,1979,yes,yes,2025,1023000
Saint-Jérôme,Bellefeuille,Single Family,4,2,1392,4762.0,1992,yes,yes,2025,407000
Brossard,Secteur C,Single Family,4,3,997,7494.0,2006,yes,yes,2022,384000
Montréal,LaSalle,Single Family,4,1,1585,5609.0,1962,no,yes,2024,520000
Sherbrooke,Rock Forest,Triplex,6,5,1987,4335.0,2020,yes,yes,2023,573000
Brossard,Solar Uniquartier,Triplex,4,4,2010,5034.0,1967,no,no,2025,869000
Brossard,Solar Uniquartier,Single Family,3,3,1759,12435.0,1964,yes,no,2024,841000
Saint-Bruno-de-Montarville,Centre-Ville,Single Family,3,3,1642,9235.0,1970,no,no,2024,601000
Laval,Pont-Viau,Single Family,4,4,1511,7961.0,1955,no,no,2022,559000
Laval,Pont-Viau,Single Family,6,1,1220,4062.0,2021,yes,yes,2025,633000
Longueuil,Greenfield Park,Triplex,6,4,2228,5841.0,1975,no,yes,2024,897000
Saint-Jérôme,Bellefeuille,Single Family,4,4,1105,8249.0,1958,yes,yes,2024,315000
Québec,Sainte-Foy,Single Family,3,2,1709,7974.0,2016,no,yes,2025,573000
Dollard-des-Ormeaux,West Island,Triplex,7,4,2874,5285.0,1979,yes,yes,2022,884000
Longueuil,Greenfield Park,Bungalow,3,2,1144,5067.0,2012,no,yes,2022,551000
Québec,Sainte-Foy,Townhouse,3,2,1066,3114.0,2009,yes,yes,2024,350000
Montréal,Saint-Léonard,Single Family,4,3,1508,9208.0,1969,yes,yes,2023,610000
Montréal,Hochelaga-Maisonneuve,Single Family,3,1,1670,7592.0,1978,no,yes,2025,737000
Montréal,Saint-Léonard,Single Family,5,3,1201,6040.0,2012,no,yes,2023,516000
Gatineau,Aylmer,Duplex,6,3,1819,4402.0,2018,yes,yes,2025,764000
Laval,Duvernay,Duplex,4,3,1872,5016.0,1973,no,yes,2025,884000
Sherbrooke,Rock Forest,Townhouse,3,2,1102,1784.0,1975,yes,yes,2023,274000
Châteauguay,Centre-Ville,Single Family,2,2,1499,7990.0,1996,yes,yes,2024,407000
Montréal,Ahuntsic,Duplex,4,3,1969,2910.0,1999,yes,yes,2022,620000
Trois-Rivières,Cap-de-la-Madeleine,Townhouse,2,2,1004,3005.0,1965,yes,no,2025,253000
Québec,Charlesbourg,Single Family,4,3,1510,9440.0,1954,no,yes,2021,255000
Montréal,Verdun,Townhouse,3,2,1095,3222.0,1955,yes,yes,2024,463000
Sherbrooke,Lennoxville,Single Family,4,2,1959,6876.0,2006,yes,yes,2023,581000
Brossard,Secteur A,Duplex,4,3,1763,2838.0,1957,yes,yes,2024,568000
Mirabel,Saint-Canut,Single Family,4,3,1682,5427.0,1977,no,yes,2024,480000
Québec,Sillery,Duplex,4,3,2034,4069.0,1970,no,yes,2025,580000
Laval,Vimont,Single Family,5,3,1816,3743.0,1998,yes,no,2021,615000
Laval,Duvernay,Single Family,3,3,1807,4602.0,2003,yes,yes,2023,623000
Québec,Charlesbourg,Townhouse,3,2,1072,2751.0,2005,no,no,2023,247000
Trois-Rivières,Trois-Rivières-Ouest,Single Family,3,3,1198,6822.0,1967,yes,yes,2022,276000
Lévis,Charny,Single Family,5,4,1868,9583.0,1956,yes,yes,2024,494000
Saint-Jean-sur-Richelieu,Iberville,Single Family,4,2,1568,6912.0,1966,yes,yes,2025,373000
Gatineau,Hull,Single Family,4,2,1743,14034.0,1998,no,yes,2025,780000
Sherbrooke,Fleurimont,Townhouse,4,2,1024,2128.0,2020,yes,no,2025,365000
Terrebonne,Terrebonne Ouest,Single Family,5,4,1362,8742.0,2020,yes,yes,2022,593000
Saint-Jean-sur-Richelieu,Iberville,Single Family,3,4,1486,5353.0,1972,yes,yes,2025,396000
Montréal,Saint-Léonard,Single Family,6,1,1591,5753.0,1984,no,yes,2025,632000
Québec,Vanier,Duplex,5,3,1874,4585.0,1989,yes,yes,2024,515000
Québec,Sainte-Foy,Single Family,3,3,1518,5875.0,1984,yes,yes,2024,435000
Terrebonne,Terrebonne Ouest,Single Family,2,1,1421,10522.0,1967,no,yes,2022,438000
Montréal,NDG,Single Family,4,4,1822,6619.0,2020,no,yes,2021,643000
Sherbrooke,Lennoxville,Single Family,4,2,1526,9161.0,1980,yes,yes,2023,496000
Saint-Bruno-de-Montarville,Centre-Ville,Single Family,4,3,1133,5980.0,1979,yes,yes,2025,528000
Brossard,Solar Uniquartier,Single Family,4,2,1119,13851.0,2008,no,yes,2022,471000
Saint-Bruno-de-Montarville,Centre-Ville,Single Family,4,2,1784,5967.0,1966,yes,yes,2021,584000
Québec,Sillery,Duplex,3,3,1628,4934.0,2009,yes,yes,2022,431000
Sherbrooke,Centre-Ville,Townhouse,2,2,1068,2566.0,1999,yes,no,2025,431000
Gatineau,Buckingham,Triplex,7,4,2251,4221.0,1984,no,yes,2022,612000
Montréal,Verdun,Triplex,8,6,2713,4858.0,1939,no,no,2023,1125000
Gatineau,Hull,Duplex,5,3,1786,6560.0,1987,yes,yes,2023,600000
Montréal,Mercier,Single Family,4,1,1635,9966.0,1982,yes,yes,2023,597000
Montréal,Mercier,Single Family,4,4,1778,7712.0,1980,no,no,2025,774000
Val-d'Or,Val-d'Or Centre,Single Family,5,2,1723,7061.0,2020,yes,yes,2024,332000
Montréal,Ahuntsic,Duplex,4,3,1681,4186.0,1976,no,no,2023,629000
Montréal,Ahuntsic,Duplex,4,3,1983,3761.0,2000,yes,no,2022,819000
Dollard-des-Ormeaux,West Island,Single Family,4,3,1593,12116.0,2013,yes,yes,2023,739000
Repentigny,Repentigny Centre,Single Family,3,2,1706,12452.0,1963,yes,no,2023,596000
Québec,Sainte-Foy,Single Family,5,2,1216,6454.0,1937,yes,no,2025,457000
Laval,Pont-Viau,Triplex,6,5,2312,4577.0,1975,yes,yes,2024,966000
Laval,Duvernay,Triplex,5,4,2967,6456.0,2002,yes,yes,2025,1202000
Montréal,NDG,Townhouse,4,2,1027,3231.0,1919,no,yes,2025,426000
Montréal,Villeray,Duplex,4,3,1656,6296.0,1957,yes,yes,2021,634000
Longueuil,Le Vieux-Longueuil,Single Family,2,3,1979,10012.0,2012,yes,yes,2024,859000
Québec,Beauport,Townhouse,3,2,1109,3296.0,1966,yes,yes,2022,289000
Repentigny,Repentigny Centre,Duplex,4,4,1674,5246.0,1969,no,yes,2022,500000
Montréal,Ahuntsic,Townhouse,4,2,1126,2946.0,1960,yes,yes,2021,308000
Trois-Rivières,Centre-Ville,Townhouse,4,2,1116,2518.0,1982,yes,yes,2025,343000
Laval,Duvernay,Single Family,6,3,1291,8808.0,1996,no,yes,2022,492000
Terrebonne,Terrebonne Ouest,Single Family,3,2,1057,4181.0,1980,yes,yes,2025,553000
Laval,Pont-Viau,Single Family,3,2,1760,8551.0,1993,yes,yes,2022,557000
Montréal,Saint-Léonard,Single Family,6,2,1926,7259.0,1955,yes,yes,2022,620000
Montréal,Mercier,Single Family,4,3,1300,9820.0,2017,yes,yes,2025,665000
Mirabel,Saint-Canut,Triplex,7,5,2638,3732.0,2011,yes,yes,2025,880000
Montréal,Saint-Léonard,Triplex,4,4,2604,6874.0,1978,yes,yes,2025,1347000
Montréal,Plateau-Mont-Royal,Single Family,3,2,1425,5518.0,1970,no,yes,2021,464000
Blainville,Blainville Centre,Townhouse,3,1,879,2769.0,2007,no,yes,2024,295000
Québec,Lebourgneuf,Single Family,4,3,1300,4533.0,1976,yes,yes,2025,401000
Boucherville,Boucherville Centre,Single Family,4,2,2103,9378.0,2001,yes,yes,2024,673000
Longueuil,Saint-Hubert,Bungalow,3,1,878,4271.0,2008,yes,yes,2022,508000
Mirabel,Saint-Canut,Single Family,4,3,1049,6602.0,1973,yes,yes,2022,315000
Saint-Jean-sur-Richelieu,Iberville,Single Family,5,2,1992,10779.0,2019,yes,yes,2025,522000
Boucherville,Boucherville Centre,Single Family,3,3,1845,7891.0,1994,no,no,2024,797000
Terrebonne,La Plaine,Single Family,3,4,1850,8559.0,1962,yes,yes,2024,810000
Lévis,Lévis Centre,Townhouse,3,3,1219,2143.0,1976,yes,yes,2023,308000
Victoriaville,Centre-Ville,Townhouse,3,2,1261,2295.0,1967,yes,yes,2024,267000
Montréal,Saint-Léonard,Triplex,7,3,2485,4250.0,1997,no,no,2021,905000
Saguenay,Jonquière,Single Family,4,2,1565,6576.0,2016,yes,yes,2025,396000
Laval,Sainte-Dorothée,Townhouse,3,2,955,2346.0,1969,no,yes,2023,467000
Rimouski,Rimouski Centre,Single Family,4,2,1469,13617.0,1964,yes,yes,2025,348000
Laval,Chomedey,Single Family,6,2,1547,8964.0,1985,yes,no,2022,660000
Mirabel,Sainte-Monique,Single Family,2,3,1439,10818.0,1997,yes,no,2024,466000
Blainville,Blainville Centre,Single Family,6,2,1130,8091.0,1958,yes,yes,2023,339000
Gatineau,Aylmer,Townhouse,3,3,1200,4099.0,1994,yes,yes,2024,381000
Montréal,Hochelaga-Maisonneuve,Single Family,3,3,891,9058.0,1918,no,yes,2023,407000
Longueuil,Le Vieux-Longueuil,Townhouse,4,1,1246,2797.0,1984,yes,yes,2024,468000
Vaudreuil-Dorion,Centre-Ville,Single Family,2,3,1307,4261.0,1957,yes,yes,2024,528000
Montréal,Rosemont,Single Family,4,2,1205,6245.0,1935,no,yes,2024,571000
Laval,Vimont,Single Family,4,3,1382,11161.0,1964,yes,yes,2023,641000
Saint-Jérôme,Centre-Ville,Triplex,7,3,2664,4930.0,1969,yes,yes,2021,534000
Trois-Rivières,Cap-de-la-Madeleine,Townhouse,2,2,1269,3038.0,1959,no,yes,2025,275000
Québec,Vanier,Single Family,4,4,1958,3495.0,1958,yes,no,2021,441000
Sherbrooke,Rock Forest,Townhouse,3,1,1176,2919.0,1977,yes,yes,2023,283000
Québec,Limoilou,Single Family,3,2,1523,5417.0,2014,yes,yes,2025,501000
Drummondville,Centre-Ville,Single Family,4,2,1393,10175.0,1965,yes,no,2024,366000
Québec,Sillery,Single Family,3,2,1361,8463.0,2020,yes,yes,2021,271000
Québec,Limoilou,Townhouse,3,2,1121,3699.0,1977,yes,yes,2025,350000
Montréal,Plateau-Mont-Royal,Single Family,5,3,1701,7865.0,1971,no,yes,2021,443000
Québec,Vanier,Single Family,2,3,1894,6275.0,1985,yes,yes,2024,545000
Montréal,Rosemont,Single Family,4,3,1647,6508.0,1907,yes,yes,2025,669000
Gatineau,Aylmer,Townhouse,2,2,810,2159.0,1966,yes,yes,2024,303000
Vaudreuil-Dorion,Centre-Ville,Single Family,4,2,1120,9495.0,1984,no,no,2025,472000
Longueuil,Le Vieux-Longueuil,Townhouse,4,2,1158,3530.0,2015,yes,yes,2024,502000
Montréal,LaSalle,Single Family,5,1,1417,5752.0,1992,no,no,2024,548000
Alma,Alma Centre,Single Family,3,4,1614,8592.0,1996,yes,no,2024,306000
Dollard-des-Ormeaux,West Island,Single Family,6,3,1617,5748.0,1985,yes,yes,2023,546000
Lévis,Lévis Centre,Townhouse,3,2,1029,3274.0,1989,no,no,2021,226000
Longueuil,Greenfield Park,Single Family,2,3,1782,7003.0,1964,yes,yes,2025,863000
Lévis,Lévis Centre,Single Family,3,4,1733,6079.0,2007,yes,yes,2022,372000
Québec,Limoilou,Triplex,6,4,2776,4750.0,2002,yes,yes,2022,674000
Saint-Jean-sur-Richelieu,Iberville,Duplex,4,3,1583,5025.0,1989,no,yes,2022,312000
Saguenay,Jonquière,Single Family,4,2,1684,8875.0,1979,yes,yes,2023,315000
Terrebonne,Lachenaie,Single Family,5,2,1205,6018.0,1973,yes,yes,2022,593000
Québec,Lebourgneuf,Single Family,4,2,1011,8583.0,1988,yes,yes,2022,375000
Sherbrooke,Rock Forest,Triplex,6,4,1851,5943.0,1989,yes,yes,2023,597000
Longueuil,Le Vieux-Longueuil,Duplex,5,3,1629,5129.0,2020,yes,no,2021,571000
Québec,Sainte-Foy,Bungalow,3,2,1169,4267.0,1966,no,yes,2024,474000
Candiac,Candiac Centre,Single Family,5,3,1014,9719.0,1962,yes,yes,2022,387000
Montréal,Verdun,Single Family,4,2,1603,11264.0,1956,yes,yes,2025,813000
Québec,Val-Bélair,Single Family,3,2,2068,11150.0,1959,yes,yes,2025,523000
Montréal,LaSalle,Single Family,3,2,1623,9291.0,1948,no,yes,2025,601000
Saint-Jérôme,Bellefeuille,Townhouse,3,2,1066,3052.0,1989,no,yes,2024,283000
Terrebonne,Terrebonne Ouest,Duplex,3,3,1559,4550.0,1976,yes,yes,2023,612000
Québec,Vanier,Single Family,4,2,1583,9120.0,1938,no,yes,2024,466000
Québec,Sainte-Foy,Duplex,5,2,1549,5840.0,1969,yes,yes,2025,464000
Dollard-des-Ormeaux,West Island,Single Family,3,3,1991,5822.0,1966,yes,yes,2025,767000
Candiac,Candiac Centre,Single Family,5,2,1323,7882.0,1956,no,yes,2025,543000
Gatineau,Aylmer,Single Family,4,2,1531,10557.0,1992,yes,yes,2025,870000
Montréal,Mercier,Single Family,5,2,1497,11733.0,1962,no,yes,2024,524000
Saint-Jean-sur-Richelieu,Iberville,Single Family,3,2,1428,10421.0,1988,yes,yes,2025,400000
Candiac,Candiac Centre,Single Family,5,1,1871,3054.0,1998,no,yes,2023,573000
Montréal,Outremont,Single Family,5,4,1902,4947.0,1964,yes,no,2025,701000
Laval,Chomedey,Single Family,6,3,1618,7049.0,1984,yes,yes,2022,715000
Trois-Rivières,Centre-Ville,Townhouse,2,2,1099,2819.0,1963,yes,no,2024,221000
Laval,Pont-Viau,Single Family,3,3,2096,8305.0,1961,yes,yes,2022,734000
Québec,Beauport,Single Family,2,3,1228,4798.0,1966,yes,yes,2024,393000
Québec,Sillery,Townhouse,4,1,1199,1894.0,2002,yes,yes,2022,290000
Candiac,Candiac Centre,Townhouse,4,2,1088,2804.0,1966,no,no,2021,277000
Sherbrooke,Centre-Ville,Single Family,4,3,1367,9678.0,1978,yes,yes,2023,443000
Saint-Jérôme,Bellefeuille,Single Family,4,2,1580,7476.0,2001,yes,yes,2025,486000
Sherbrooke,Rock Forest,Duplex,4,3,1875,5149.0,1993,yes,yes,2025,475000
Saint-Jean-sur-Richelieu,Centre-Ville,Townhouse,3,2,832,2639.0,1989,no,no,2025,215000
Terrebonne,Terrebonne Ouest,Duplex,4,4,1552,3864.0,1996,yes,yes,2022,672000
Candiac,Candiac Centre,Single Family,4,2,1588,2988.0,1994,yes,yes,2023,596000
Terrebonne,Terrebonne Ouest,Triplex,5,5,2129,3116.0,1958,yes,yes,2024,1070000
Québec,Vanier,Single Family,5,3,1744,8131.0,1908,yes,yes,2023,350000
Brossard,Solar Uniquartier,Duplex,5,3,1909,4153.0,1978,yes,yes,2023,717000
Québec,Lebourgneuf,Single Family,3,2,1496,9982.0,1980,yes,no,2025,553000
Longueuil,Vieux-Longueuil,Triplex,7,5,1845,6651.0,1989,no,no,2021,762000
Sherbrooke,Lennoxville,Single Family,5,3,967,9606.0,2001,yes,yes,2023,396000
Sherbrooke,Centre-Ville,Single Family,5,2,1488,7743.0,2010,yes,yes,2024,519000
Repentigny,Le Gardeur,Single Family,4,2,1431,7507.0,1975,yes,yes,2024,693000
Montréal,NDG,Single Family,4,3,1384,6745.0,1970,yes,yes,2025,721000
Brossard,Secteur A,Single Family,3,3,1513,6824.0,1966,yes,yes,2023,610000
Drummondville,Centre-Ville,Duplex,4,2,1567,3536.0,1958,yes,no,2023,340000
Pointe-Claire,West Island,Single Family,3,3,1141,3984.0,1964,no,yes,2023,470000
Candiac,Candiac Centre,Triplex,5,4,2244,6119.0,1959,yes,yes,2021,581000
Granby,Centre-Ville,Bungalow,3,2,1103,7445.0,1955,yes,yes,2021,456000
Québec,Lebourgneuf,Single Family,3,4,1474,9282.0,1995,yes,yes,2021,380000
Pointe-Claire,West Island,Duplex,4,3,1830,7023.0,1955,yes,yes,2022,619000
Terrebonne,La Plaine,Single Family,6,3,1605,8513.0,1976,yes,no,2021,674000
Montréal,Mercier,Townhouse,2,2,939,2973.0,1959,yes,no,2023,354000
Longueuil,Vieux-Longueuil,Duplex,5,3,1911,6288.0,1968,no,yes,2022,642000
Longueuil,Le Vieux-Longueuil,Duplex,5,3,1572,5010.0,2015,no,yes,2025,808000
Repentigny,Repentigny Centre,Townhouse,3,2,1158,2255.0,2005,no,yes,2023,498000
Baie-Comeau,Baie-Comeau Centre,Single Family,2,3,1416,5085.0,2003,yes,yes,2021,212000
Brossard,Solar Uniquartier,Townhouse,3,3,1236,4069.0,1998,no,no,2024,502000
Repentigny,Repentigny Centre,Single Family,3,4,1742,4873.0,1977,yes,yes,2024,607000
Brossard,Solar Uniquartier,Single Family,5,3,1649,4631.0,2009,yes,yes,2025,871000
Pointe-Claire,West Island,Single Family,3,3,1163,6332.0,1995,yes,no,2022,432000
Saguenay,Chicoutimi,Single Family,4,3,1834,4978.0,1960,yes,yes,2023,357000
Trois-Rivières,Cap-de-la-Madeleine,Single Family,4,3,1569,4770.0,1966,yes,yes,2025,435000
Laval,Fabreville,Single Family,4,3,938,7678.0,1995,yes,yes,2024,446000
Trois-Rivières,Trois-Rivières-Ouest,Townhouse,2,2,1013,3527.0,2008,yes,yes,2025,281000
Blainville,Blainville Centre,Single Family,6,2,864,4015.0,1988,yes,no,2025,415000
Montréal,Saint-Léonard,Townhouse,2,2,1034,3068.0,1919,yes,yes,2023,332000
Victoriaville,Centre-Ville,Bungalow,3,1,1052,3763.0,2015,yes,yes,2025,451000
Blainville,Blainville Centre,Townhouse,3,2,1142,3085.0,1989,yes,yes,2023,338000
Laval,Vimont,Duplex,5,3,1752,3432.0,1974,yes,yes,2025,735000
Terrebonne,Terrebonne Ouest,Townhouse,3,2,1309,3067.0,1986,yes,yes,2021,381000
Sherbrooke,Rock Forest,Duplex,5,2,1476,4056.0,1971,yes,no,2024,447000
Sherbrooke,Centre-Ville,Duplex,5,3,1616,3884.0,1963,yes,yes,2025,488000
Québec,Vanier,Single Family,2,2,1728,6241.0,2009,yes,yes,2021,433000
Saint-Jérôme,Centre-Ville,Bungalow,3,2,850,7190.0,2020,yes,no,2021,242000
Brossard,Solar Uniquartier,Single Family,3,3,1222,12253.0,1997,yes,yes,2023,535000
Québec,Lebourgneuf,Single Family,3,3,1349,9578.0,2022,yes,yes,2023,413000
Québec,Charlesbourg,Single Family,6,1,1267,6976.0,2018,yes,yes,2025,491000
Sherbrooke,Rock Forest,Single Family,5,2,1630,11225.0,2005,yes,yes,2022,394000
Repentigny,Repentigny Centre,Single Family,2,2,1361,8912.0,2003,yes,no,2023,550000
Montréal,Verdun,Single Family,4,1,1826,5055.0,1936,yes,yes,2024,565000
Québec,Charlesbourg,Single Family,3,2,1640,13006.0,1993,yes,yes,2024,462000
Laval,Chomedey,Single Family,3,3,973,3339.0,1973,no,yes,2025,490000
Saint-Jean-sur-Richelieu,Centre-Ville,Single Family,3,4,1564,10169.0,1984,yes,yes,2023,460000
Brossard,Secteur A,Single Family,4,2,1366,6200.0,1975,yes,yes,2025,717000
Saint-Jean-sur-Richelieu,Centre-Ville,Single Family,3,3,883,5238.0,1964,no,yes,2022,228000
Laval,Chomedey,Single Family,4,3,936,5732.0,1997,no,yes,2024,452000
Saint-Jérôme,Centre-Ville,Single Family,3,3,1038,5241.0,1959,yes,yes,2025,302000
Boucherville,Boucherville Centre,Single Family,3,3,1869,6901.0,1969,yes,yes,2025,687000
Alma,Alma Centre,Townhouse,3,3,1082,2194.0,1996,yes,yes,2024,223000
Longueuil,Le Vieux-Longueuil,Bungalow,3,2,1019,7891.0,1981,yes,yes,2024,486000
Longueuil,Greenfield Park,Single Family,3,3,1099,7169.0,1999,no,yes,2022,436000
Laval,Pont-Viau,Single Family,4,3,1700,7096.0,2013,yes,yes,2025,794000
Montréal,Lachine,Single Family,3,2,1739,5355.0,1952,no,yes,2021,544000
Terrebonne,Terrebonne Ouest,Duplex,4,3,1685,2773.0,1987,yes,no,2025,747000
Québec,Beauport,Townhouse,3,1,973,2688.0,1979,no,yes,2024,293000
Laval,Sainte-Dorothée,Townhouse,2,3,1193,2843.0,1980,yes,no,2022,408000
Québec,Limoilou,Single Family,4,3,1247,9526.0,2001,yes,yes,2025,493000
Granby,Centre-Ville,Single Family,3,4,1731,9785.0,2000,no,yes,2025,692000
Châteauguay,Centre-Ville,Single Family,3,3,1863,7108.0,2022,yes,yes,2024,484000
Québec,Val-Bélair,Single Family,4,4,1947,9494.0,1920,yes,no,2023,440000
Québec,Lebourgneuf,Townhouse,3,2,1129,3860.0,1976,no,yes,2024,305000
Brossard,Solar Uniquartier,Triplex,7,5,2291,2904.0,1987,yes,yes,2024,822000
Repentigny,Le Gardeur,Single Family,4,3,1640,9488.0,2004,yes,yes,2024,738000
Blainville,Blainville Centre,Single Family,2,3,1548,4217.0,1976,yes,yes,2025,511000
Montréal,Mercier,Single Family,3,2,2098,12490.0,1938,yes,yes,2025,715000
Repentigny,Repentigny Centre,Single Family,4,3,915,5333.0,1975,no,yes,2025,561000
Saint-Jean-sur-Richelieu,Iberville,Single Family,4,3,1635,5865.0,1969,yes,yes,2021,308000
Montréal,Outremont,Single Family,3,3,1557,7789.0,1973,no,no,2025,810000
Montréal,Villeray,Townhouse,3,2,1043,3248.0,1957,no,yes,2024,411000
Longueuil,Vieux-Longueuil,Single Family,4,2,1642,8691.0,2014,yes,yes,2025,793000
Alma,Alma Centre,Triplex,5,4,2667,5000.0,2009,yes,yes,2022,368000
Montréal,Hochelaga-Maisonneuve,Townhouse,3,2,1391,2810.0,2020,yes,yes,2021,386000
Montréal,Rosemont,Single Family,5,2,1491,5522.0,1942,no,no,2023,485000
Saint-Jérôme,Centre-Ville,Single Family,5,3,1728,5794.0,2008,yes,yes,2022,443000
Montréal,Saint-Léonard,Single Family,4,3,1139,5536.0,1941,no,no,2023,454000
Saint-Jérôme,Bellefeuille,Single Family,3,2,1510,5944.0,1976,yes,yes,2025,499000
Montréal,Rosemont,Bungalow,3,2,955,5106.0,1974,yes,yes,2024,542000
Laval,Sainte-Dorothée,Single Family,5,3,1841,7718.0,2009,yes,yes,2025,891000
Lévis,Saint-Nicolas,Single Family,2,4,1404,4330.0,1963,yes,yes,2024,379000
Montréal,LaSalle,Single Family,2,2,1664,6483.0,1975,yes,yes,2023,528000
Châteauguay,Centre-Ville,Triplex,7,3,2189,3874.0,2018,no,yes,2021,458000
Terrebonne,Lachenaie,Single Family,5,2,1809,13462.0,1975,yes,yes,2021,551000
Terrebonne,La Plaine,Single Family,3,2,1495,8946.0,2023,yes,yes,2025,933000
Sherbrooke,Rock Forest,Single Family,5,3,1747,8297.0,2022,yes,yes,2024,591000
Montréal,Hochelaga-Maisonneuve,Single Family,4,2,1384,8325.0,1910,no,yes,2024,537000
Gatineau,Aylmer,Single Family,3,2,1016,5129.0,1999,yes,no,2025,437000
Trois-Rivières,Cap-de-la-Madeleine,Single Family,5,3,1209,8465.0,1991,no,yes,2024,329000
Québec,Limoilou,Townhouse,3,2,1169,2708.0,2017,yes,yes,2023,381000
Montréal,Saint-Léonard,Townhouse,3,2,897,1864.0,1915,yes,yes,2025,351000
Granby,Centre-Ville,Single Family,3,3,1496,6371.0,1980,yes,no,2024,527000
Laval,Chomedey,Single Family,4,2,1923,4455.0,1979,no,yes,2023,683000
Saguenay,Jonquière,Single Family,4,3,1471,12505.0,2005,yes,yes,2025,377000
Montréal,LaSalle,Single Family,3,3,1803,10090.0,1926,yes,yes,2025,630000
Montréal,NDG,Single Family,4,3,1370,4709.0,1918,no,yes,2024,471000
Sherbrooke,Rock Forest,Townhouse,2,2,1310,2412.0,1955,yes,yes,2023,260000
Gatineau,Buckingham,Single Family,3,3,1262,11168.0,2022,yes,yes,2025,539000
Sept-Îles,Sept-Îles Centre,Single Family,5,3,2007,8895.0,1975,yes,yes,2021,246000
Châteauguay,Centre-Ville,Duplex,4,3,2158,4445.0,1991,no,yes,2025,479000
Granby,Centre-Ville,Single Family,4,2,1275,7464.0,1956,no,yes,2025,483000
Saguenay,La Baie,Triplex,6,3,2626,4425.0,2004,yes,no,2024,520000
Vaudreuil-Dorion,Centre-Ville,Single Family,5,3,1383,8769.0,1978,yes,yes,2025,591000
Longueuil,Le Vieux-Longueuil,Single Family,5,2,1474,6779.0,2017,yes,no,2021,557000
Mirabel,Sainte-Monique,Single Family,4,2,1206,10369.0,1988,yes,no,2025,534000
Montréal,Ville-Marie,Single Family,5,3,1017,4869.0,2010,yes,yes,2023,422000
Québec,Beauport,Duplex,4,3,1763,3738.0,1976,yes,yes,2023,441000
Terrebonne,La Plaine,Single Family,5,2,1750,12043.0,2015,yes,yes,2022,688000
Drummondville,Centre-Ville,Single Family,2,2,996,5486.0,1984,yes,yes,2022,223000
Montréal,Hochelaga-Maisonneuve,Single Family,2,2,1481,6154.0,1919,no,yes,2022,413000
Montréal,Pointe-aux-Trembles,Townhouse,3,2,1277,3544.0,1978,no,yes,2024,526000
Montréal,Ville-Marie,Single Family,3,3,1166,12929.0,1957,no,yes,2023,467000
Longueuil,Saint-Hubert,Single Family,3,2,1694,7430.0,2018,no,no,2021,524000
Repentigny,Repentigny Centre,Single Family,5,3,1729,5716.0,2006,no,yes,2022,598000
Gatineau,Aylmer,Triplex,7,5,2233,2722.0,2020,yes,no,2022,690000
Longueuil,Le Vieux-Longueuil,Single Family,4,2,1180,4907.0,1957,no,no,2023,424000
Gatineau,Aylmer,Townhouse,4,2,970,2496.0,2007,yes,yes,2023,304000
Québec,Limoilou,Single Family,4,1,1129,12040.0,1987,yes,yes,2023,387000
Drummondville,Centre-Ville,Single Family,5,2,1342,6831.0,2000,no,yes,2025,373000
Lévis,Charny,Duplex,5,3,1719,3117.0,1962,yes,yes,2025,499000
Laval,Duvernay,Single Family,3,3,1550,11094.0,2016,yes,yes,2024,776000
Montréal,Pointe-aux-Trembles,Single Family,5,2,1935,4939.0,2007,no,yes,2025,667000
Lévis,Lévis Centre,Single Family,4,3,1856,6946.0,2020,yes,yes,2023,434000
Québec,Limoilou,Single Family,4,4,1689,3283.0,1924,yes,no,2024,504000
Laval,Pont-Viau,Single Family,4,2,2074,5329.0,2009,no,yes,2025,859000
Gatineau,Gatineau Centre,Single Family,4,1,1510,4548.0,2021,yes,yes,2022,473000
Laval,Chomedey,Townhouse,3,3,1012,2605.0,1999,yes,yes,2025,618000
Québec,Sillery,Townhouse,4,2,1106,2738.0,1944,yes,no,2023,318000
Montréal,LaSalle,Single Family,2,4,1569,5030.0,1965,no,yes,2025,638000
Sherbrooke,Fleurimont,Single Family,4,4,1610,7246.0,2011,yes,yes,2024,518000
Mirabel,Saint-Canut,Single Family,4,2,1258,6429.0,2009,yes,yes,2022,420000
Candiac,Candiac Centre,Single Family,5,3,1743,6361.0,1984,yes,no,2024,638000
Drummondville,Centre-Ville,Single Family,6,4,1320,8002.0,2011,yes,yes,2021,288000
Montréal,Outremont,Townhouse,3,2,1021,2845.0,1917,yes,yes,2024,442000
Longueuil,Saint-Hubert,Duplex,5,3,1641,6898.0,2013,yes,yes,2021,654000
Québec,Val-Bélair,Single Family,3,3,2036,4370.0,2018,yes,no,2024,485000
Vaudreuil-Dorion,Centre-Ville,Bungalow,4,1,1239,8037.0,2005,yes,yes,2024,523000
Longueuil,Vieux-Longueuil,Single Family,5,3,1741,11326.0,1966,yes,yes,2022,749000
Saint-Jean-sur-Richelieu,Iberville,Single Family,4,2,1631,10219.0,1975,yes,yes,2021,296000
Repentigny,Le Gardeur,Single Family,5,4,1121,6058.0,1999,yes,yes,2022,444000
Drummondville,Saint-Charles,Duplex,4,3,1760,3612.0,1957,yes,no,2024,340000
Longueuil,Saint-Hubert,Duplex,4,3,1313,6275.0,2012,yes,yes,2025,669000
Québec,Limoilou,Single Family,3,3,1799,12127.0,1984,yes,yes,2025,681000
Saint-Jean-sur-Richelieu,Centre-Ville,Duplex,4,3,1952,4561.0,1998,yes,yes,2023,318000
Québec,Val-Bélair,Single Family,4,1,930,5591.0,2009,yes,yes,2021,282000
Québec,Sillery,Single Family,5,3,1602,11253.0,1973,yes,yes,2025,472000
Québec,Sillery,Single Family,4,3,1662,12738.0,1971,no,yes,2024,538000
Brossard,Solar Uniquartier,Single Family,6,2,1150,7649.0,1998,yes,yes,2024,515000
Montréal,Outremont,Single Family,3,2,1493,5386.0,1962,yes,yes,2022,548000
Alma,Alma Centre,Duplex,5,2,2090,3653.0,1958,yes,yes,2024,288000
Québec,Vanier,Single Family,4,2,1493,6323.0,1974,yes,yes,2025,564000
Laval,Fabreville,Single Family,4,2,1767,9884.0,1977,yes,no,2022,634000
Québec,Charlesbourg,Single Family,5,3,1842,6170.0,2014,no,yes,2024,593000
Saint-Jérôme,Bellefeuille,Single Family,4,3,1578,5886.0,2005,yes,yes,2025,495000
Drummondville,Saint-Charles,Single Family,4,3,1313,3832.0,2007,no,yes,2023,300000
Repentigny,Repentigny Centre,Single Family,2,2,1697,5829.0,2008,yes,yes,2023,685000
Longueuil,Greenfield Park,Triplex,6,5,1742,5472.0,1998,yes,yes,2021,720000
Longueuil,Le Vieux-Longueuil,Single Family,3,2,1389,13180.0,1988,yes,yes,2022,578000
Montréal,Villeray,Single Family,5,3,1603,7690.0,1955,yes,yes,2025,716000
Laval,Fabreville,Single Family,3,1,1274,10650.0,1962,yes,yes,2025,697000
Montréal,Saint-Léonard,Townhouse,4,3,1212,3471.0,1969,no,no,2023,387000
Montréal,Mercier,Triplex,5,5,1921,5394.0,1993,no,yes,2025,1067000
Laval,Chomedey,Townhouse,2,1,1071,2790.0,1957,yes,yes,2025,479000
Québec,Charlesbourg,Triplex,4,5,2369,4482.0,2010,yes,yes,2023,655000
Gatineau,Aylmer,Townhouse,3,2,1065,1850.0,1990,yes,yes,2022,417000
Longueuil,Greenfield Park,Single Family,5,3,1725,6395.0,1964,yes,no,2022,672000
Mirabel,Saint-Canut,Triplex,8,3,2566,5807.0,2001,yes,yes,2021,607000
Montréal,Verdun,Single Family,5,3,1880,8594.0,1947,no,yes,2025,715000
Trois-Rivières,Centre-Ville,Single Family,3,3,1677,7745.0,1995,yes,yes,2025,385000
Saint-Jérôme,Bellefeuille,Single Family,2,2,1349,8968.0,1955,no,yes,2021,268000
Sherbrooke,Centre-Ville,Single Family,5,3,1793,4574.0,1987,yes,no,2025,579000
Vaudreuil-Dorion,Centre-Ville,Bungalow,2,1,1022,5830.0,1957,yes,no,2025,382000
Montréal,Ville-Marie,Townhouse,2,3,798,2613.0,1969,no,yes,2023,355000
Brossard,Secteur C,Townhouse,3,2,1171,2662.0,2015,yes,no,2022,386000
Montréal,Ahuntsic,Bungalow,3,2,1110,6688.0,1988,yes,yes,2025,578000
Laval,Sainte-Dorothée,Single Family,4,4,1639,4442.0,1955,yes,yes,2023,708000
Saint-Jérôme,Centre-Ville,Single Family,5,1,1320,10397.0,1999,yes,yes,2021,344000
Repentigny,Repentigny Centre,Triplex,7,4,1979,4628.0,1984,yes,no,2025,954000
Rimouski,Rimouski Centre,Triplex,6,3,1940,5487.0,1994,yes,yes,2025,379000
Montréal,Hochelaga-Maisonneuve,Bungalow,3,2,809,5535.0,2019,no,yes,2022,383000
Terrebonne,Terrebonne Ouest,Single Family,6,2,1021,3388.0,1963,yes,no,2025,610000
Montréal,Ahuntsic,Single Family,3,2,1433,11476.0,1951,yes,yes,2021,432000
Montréal,Mercier,Single Family,5,2,1861,3901.0,1905,yes,yes,2021,453000
Dollard-des-Ormeaux,West Island,Single Family,5,2,1683,4724.0,2012,no,yes,2021,507000
Pointe-Claire,West Island,Duplex,4,4,1447,5224.0,1977,yes,no,2025,717000
Saint-Jean-sur-Richelieu,Iberville,Townhouse,3,2,1044,1880.0,1958,no,yes,2025,264000
Dollard-des-Ormeaux,West Island,Single Family,3,3,2090,4970.0,2021,yes,yes,2023,778000
Pointe-Claire,West Island,Triplex,8,5,2608,6125.0,1960,yes,yes,2024,1207000
Candiac,Candiac Centre,Triplex,7,4,2831,3954.0,2010,no,yes,2022,736000
Blainville,Blainville Centre,Bungalow,2,2,1097,4791.0,1970,yes,yes,2023,409000
Montréal,Ville-Marie,Single Family,4,2,1546,4628.0,1965,yes,no,2024,626000
Châteauguay,Centre-Ville,Single Family,2,4,1526,11126.0,1967,yes,yes,2022,383000
Montréal,Pointe-aux-Trembles,Single Family,4,2,1539,3389.0,1940,no,yes,2022,494000
Québec,Vanier,Single Family,4,3,1153,8338.0,1956,no,yes,2025,391000
Laval,Duvernay,Triplex,7,4,2382,4497.0,1969,yes,yes,2025,1097000
Brossard,Solar Uniquartier,Townhouse,3,2,1120,2589.0,1957,yes,yes,2024,470000
Saint-Bruno-de-Montarville,Centre-Ville,Single Family,2,1,1852,6490.0,1959,no,yes,2024,554000
Candiac,Candiac Centre,Bungalow,2,1,1167,4853.0,1991,yes,yes,2024,543000
Montréal,Plateau-Mont-Royal,Duplex,5,2,1658,6183.0,2010,no,yes,2025,784000
Sherbrooke,Rock Forest,Single Family,3,3,1224,7649.0,1988,yes,yes,2025,344000
Gatineau,Hull,Single Family,4,3,1396,6684.0,1979,yes,yes,2022,464000
Montréal,Verdun,Duplex,6,3,1451,3767.0,1957,yes,yes,2021,590000
Montréal,Verdun,Duplex,5,3,1888,7548.0,1963,yes,yes,2024,828000
Drummondville,Centre-Ville,Townhouse,3,2,1127,2269.0,2008,yes,yes,2024,270000
Montréal,Rosemont,Duplex,4,3,2159,2867.0,2000,yes,yes,2025,787000
Laval,Sainte-Dorothée,Single Family,5,3,1163,11089.0,1984,no,yes,2022,442000
Saint-Jérôme,Centre-Ville,Single Family,5,2,1988,6022.0,1988,no,yes,2023,357000
Gatineau,Buckingham,Single Family,4,3,1636,10156.0,1996,yes,yes,2025,619000
Montréal,Lachine,Single Family,4,2,1762,4619.0,1982,yes,no,2024,523000
Montréal,Verdun,Single Family,3,3,1757,7148.0,1931,yes,yes,2024,624000
Blainville,Blainville Centre,Single Family,5,2,1254,4373.0,1959,yes,no,2023,427000
Boucherville,Boucherville Centre,Townhouse,3,2,913,2517.0,1955,yes,yes,2022,333000
Québec,Charlesbourg,Duplex,5,3,1877,4765.0,1936,yes,yes,2021,357000
Repentigny,Repentigny Centre,Single Family,3,4,1680,9745.0,2009,yes,yes,2022,673000
Montréal,Rosemont,Single Family,4,3,2139,3486.0,1963,yes,yes,2022,572000
Brossard,Secteur B,Duplex,4,4,2005,5702.0,1962,no,yes,2024,779000
Rouyn-Noranda,Rouyn Centre,Duplex,5,3,1774,5499.0,1955,yes,yes,2023,439000
Québec,Vanier,Triplex,5,5,2634,6398.0,2023,no,no,2025,787000
Montréal,Verdun,Single Family,3,3,1863,10007.0,1940,yes,yes,2025,857000
Sherbrooke,Centre-Ville,Townhouse,2,2,1248,3536.0,1995,yes,yes,2024,369000
Lévis,Lévis Centre,Townhouse,2,2,1131,2906.0,2014,no,no,2023,276000
Montréal,Saint-Léonard,Single Family,4,3,1432,8794.0,2018,yes,yes,2021,517000
Victoriaville,Centre-Ville,Duplex,3,3,1565,6495.0,1981,yes,yes,2024,525000
Montréal,Saint-Léonard,Townhouse,3,2,944,3554.0,1900,yes,yes,2023,333000
Saint-Jérôme,Centre-Ville,Single Family,4,4,2004,6700.0,1985,yes,yes,2025,574000
Granby,Centre-Ville,Single Family,5,3,1772,12527.0,2017,yes,yes,2023,559000
Montréal,Saint-Léonard,Single Family,4,2,1356,6220.0,2003,yes,yes,2023,544000
Longueuil,Le Vieux-Longueuil,Single Family,6,1,1639,5300.0,1979,yes,yes,2023,513000
Montréal,Pointe-aux-Trembles,Single Family,4,3,841,4194.0,1992,yes,no,2025,445000
Laval,Sainte-Dorothée,Single Family,4,2,1455,7173.0,2009,yes,yes,2022,663000
Montréal,Mercier,Single Family,3,3,1723,5149.0,1958,yes,yes,2022,434000
Saint-Jérôme,Bellefeuille,Duplex,4,3,1505,6364.0,1980,yes,yes,2021,349000
Brossard,Secteur B,Single Family,5,3,1140,12271.0,2022,no,yes,2023,573000
Longueuil,Le Vieux-Longueuil,Duplex,5,2,1435,3609.0,1992,yes,no,2023,453000
Montréal,Saint-Léonard,Single Family,5,2,1711,14046.0,1902,yes,yes,2025,839000
Longueuil,Le Vieux-Longueuil,Single Family,5,2,1329,4888.0,2020,yes,yes,2024,664000
Québec,Charlesbourg,Townhouse,3,2,1285,3198.0,2016,yes,yes,2024,288000
Laval,Pont-Viau,Single Family,3,3,1562,11408.0,1990,yes,yes,2024,596000
Terrebonne,La Plaine,Duplex,6,3,1382,5687.0,1965,no,no,2021,609000
Québec,Charlesbourg,Single Family,3,2,1901,7118.0,1979,yes,yes,2024,547000
Trois-Rivières,Centre-Ville,Single Family,4,3,1474,9464.0,1982,yes,no,2021,351000
Gatineau,Buckingham,Single Family,5,3,1714,5442.0,2018,no,yes,2021,495000
Longueuil,Saint-Hubert,Single Family,2,4,1788,7815.0,2021,yes,no,2022,655000
Laval,Chomedey,Townhouse,3,2,1120,3030.0,1971,no,no,2023,448000
Repentigny,Le Gardeur,Single Family,2,2,1743,8386.0,1955,yes,yes,2023,526000
Vaudreuil-Dorion,Centre-Ville,Single Family,2,2,1634,8689.0,1964,no,yes,2025,584000
Gatineau,Hull,Duplex,5,2,1441,6287.0,1973,yes,yes,2022,434000
Montréal,Lachine,Townhouse,2,3,1068,3057.0,2020,no,yes,2023,373000
Saint-Jérôme,Bellefeuille,Townhouse,2,1,917,3650.0,1978,yes,yes,2023,207000
Montréal,Outremont,Single Family,5,2,1536,7968.0,1988,no,yes,2023,553000
Rimouski,Rimouski Centre,Duplex,4,3,1998,6352.0,1990,yes,yes,2025,382000
Québec,Val-Bélair,Single Family,3,3,1140,4080.0,2002,yes,no,2025,382000
Montréal,NDG,Single Family,5,3,1343,9540.0,1966,yes,yes,2023,680000
Montréal,Ahuntsic,Single Family,5,2,921,9770.0,1929,yes,yes,2021,350000
Gatineau,Aylmer,Single Family,4,2,1954,12005.0,1964,yes,yes,2021,560000
Montréal,Villeray,Townhouse,3,2,849,2191.0,1976,no,yes,2025,370000
Gatineau,Aylmer,Bungalow,3,1,1164,7211.0,2009,no,yes,2023,515000
Châteauguay,Centre-Ville,Single Family,3,2,1191,5371.0,1982,yes,yes,2024,374000
Montréal,Saint-Léonard,Single Family,4,2,1631,5735.0,1921,yes,no,2025,660000
Dollard-des-Ormeaux,West Island,Single Family,3,3,1166,7453.0,2014,yes,no,2025,653000
Saint-Jérôme,Centre-Ville,Single Family,4,3,1949,4557.0,2002,yes,yes,2022,401000
Dollard-des-Ormeaux,West Island,Single Family,4,1,1121,6312.0,1961,yes,yes,2023,525000
Québec,Vanier,Single Family,3,1,1991,8556.0,1979,yes,yes,2024,439000
Baie-Comeau,Baie-Comeau Centre,Townhouse,3,1,1161,3321.0,1973,yes,yes,2025,168000
Montréal,Outremont,Single Family,5,2,1811,9759.0,1997,no,yes,2022,609000
Sept-Îles,Sept-Îles Centre,Single Family,3,2,1672,4250.0,1964,yes,yes,2022,248000
Repentigny,Le Gardeur,Townhouse,3,2,1140,2328.0,1969,yes,yes,2022,463000
Saguenay,La Baie,Single Family,5,2,989,9110.0,1977,yes,no,2025,267000
Saguenay,Chicoutimi,Townhouse,3,2,1163,2233.0,1971,no,yes,2025,260000
Terrebonne,Terrebonne Ouest,Bungalow,2,1,905,4486.0,1965,yes,yes,2023,576000
Saint-Jérôme,Bellefeuille,Townhouse,4,2,885,3806.0,1971,yes,yes,2024,283000
Repentigny,Repentigny Centre,Single Family,3,3,1712,8165.0,1958,yes,yes,2025,771000
Brossard,Secteur A,Single Family,3,3,2081,9518.0,1972,yes,yes,2024,740000
Repentigny,Le Gardeur,Triplex,5,4,2271,5124.0,2019,yes,yes,2025,1030000
Montréal,Saint-Léonard,Single Family,3,2,1713,9497.0,1955,no,yes,2025,775000
Québec,Sillery,Single Family,3,3,905,9474.0,1959,yes,yes,2024,313000
Dollard-des-Ormeaux,West Island,Townhouse,3,2,998,3954.0,2020,yes,yes,2022,386000
Québec,Val-Bélair,Townhouse,2,1,886,2729.0,1921,yes,yes,2022,219000
Laval,Duvernay,Triplex,6,4,2502,4364.0,1958,yes,yes,2024,1014000
Laval,Pont-Viau,Single Family,5,2,1781,5932.0,2008,yes,no,2025,778000
Longueuil,Vieux-Longueuil,Single Family,5,3,1846,3763.0,1972,yes,yes,2024,735000
Longueuil,Vieux-Longueuil,Single Family,3,2,1042,5900.0,2006,yes,yes,2023,473000
Québec,Beauport,Single Family,4,3,1414,7593.0,2005,yes,no,2021,461000
Brossard,Secteur C,Single Family,4,3,1542,10052.0,2005,yes,yes,2023,604000
Longueuil,Greenfield Park,Triplex,6,4,2267,5306.0,2011,yes,no,2022,935000
Saint-Jean-sur-Richelieu,Centre-Ville,Townhouse,2,3,1099,2105.0,1969,yes,yes,2023,255000
Québec,Limoilou,Single Family,3,2,1166,5382.0,1900,yes,yes,2023,311000
Québec,Sillery,Single Family,4,3,1919,10830.0,1958,yes,yes,2025,645000
Longueuil,Le Vieux-Longueuil,Townhouse,4,1,1215,1855.0,1968,no,yes,2021,325000
Saint-Jean-sur-Richelieu,Iberville,Single Family,6,2,1960,6989.0,1982,yes,yes,2023,523000
Montréal,NDG,Single Family,5,2,1264,6571.0,2023,yes,no,2024,579000
Laval,Sainte-Dorothée,Single Family,2,2,1763,7132.0,1994,yes,yes,2023,579000
Brossard,Secteur B,Single Family,3,3,932,2946.0,1979,no,yes,2024,564000
Pointe-Claire,West Island,Bungalow,3,2,955,6375.0,1969,no,yes,2022,482000
Montréal,Saint-Léonard,Single Family,3,3,1316,7117.0,1903,no,yes,2021,416000
Rimouski,Rimouski Centre,Triplex,6,6,2453,3736.0,1957,no,yes,2023,312000
Laval,Fabreville,Single Family,4,3,1725,9531.0,1980,yes,yes,2023,686000
Laval,Sainte-Dorothée,Bungalow,4,1,746,4792.0,1980,yes,yes,2024,409000
Sept-Îles,Sept-Îles Centre,Single Family,3,3,1666,11703.0,2001,yes,yes,2025,290000
Longueuil,Vieux-Longueuil,Townhouse,3,2,1219,1854.0,2006,yes,yes,2023,493000
Vaudreuil-Dorion,Centre-Ville,Single Family,6,2,1999,3312.0,2023,yes,no,2025,679000
Sept-Îles,Sept-Îles Centre,Single Family,3,2,1961,6956.0,1970,yes,yes,2023,255000
Saguenay,Chicoutimi,Single Family,4,2,1701,8295.0,2012,yes,yes,2024,342000
Vaudreuil-Dorion,Centre-Ville,Single Family,4,3,1696,5957.0,2015,no,yes,2022,479000
Québec,Sainte-Foy,Single Family,4,2,1487,7668.0,1996,yes,no,2022,466000
Longueuil,Vieux-Longueuil,Single Family,4,3,1556,7498.0,2012,yes,no,2024,789000
Montréal,Outremont,Single Family,4,2,1688,10224.0,1946,no,yes,2025,659000
Montréal,Ville-Marie,Duplex,4,4,1578,3877.0,1931,yes,yes,2023,566000
Candiac,Candiac Centre,Townhouse,3,2,1154,2900.0,1989,yes,yes,2025,526000
Montréal,Saint-Léonard,Townhouse,4,2,1076,4019.0,1907,no,yes,2022,437000
Laval,Pont-Viau,Townhouse,3,2,1271,2497.0,1975,yes,yes,2023,471000
Longueuil,Saint-Hubert,Single Family,5,3,1637,9152.0,1961,no,yes,2021,580000
Montréal,Rosemont,Single Family,3,2,1484,13285.0,1975,no,yes,2025,757000
Repentigny,Le Gardeur,Duplex,4,3,1935,4236.0,1975,yes,no,2024,798000
Laval,Chomedey,Single Family,3,3,1520,5328.0,1991,no,yes,2024,770000
Québec,Lebourgneuf,Bungalow,3,1,1000,6260.0,1909,yes,yes,2022,366000
Montréal,LaSalle,Single Family,3,3,1425,5463.0,1956,no,yes,2025,480000
Laval,Sainte-Dorothée,Single Family,6,2,1778,4062.0,1974,yes,yes,2023,587000
Alma,Alma Centre,Single Family,3,3,1651,4558.0,2014,yes,yes,2022,232000
Trois-Rivières,Centre-Ville,Single Family,4,2,1165,11303.0,1980,yes,yes,2021,263000
Saint-Jean-sur-Richelieu,Centre-Ville,Single Family,3,2,917,11647.0,1975,yes,yes,2024,244000
Montréal,Hochelaga-Maisonneuve,Single Family,5,1,1241,6188.0,1998,no,yes,2024,532000
Longueuil,Greenfield Park,Single Family,3,3,1490,13065.0,1982,no,no,2022,500000
Montréal,Plateau-Mont-Royal,Townhouse,4,2,1085,3241.0,2006,no,yes,2024,403000
Saint-Jean-sur-Richelieu,Iberville,Bungalow,2,2,752,3819.0,1991,yes,yes,2025,313000
Montréal,Plateau-Mont-Royal,Single Family,4,3,2053,6989.0,1918,no,no,2021,568000
Montréal,Ahuntsic,Townhouse,3,3,985,3507.0,1963,yes,yes,2025,421000
Longueuil,Vieux-Longueuil,Triplex,5,5,2506,4788.0,1964,yes,no,2022,823000
Montréal,Outremont,Single Family,3,2,1074,10738.0,1984,yes,no,2025,519000
Québec,Sillery,Single Family,3,2,1756,5661.0,1980,yes,yes,2024,430000
Laval,Vimont,Single Family,4,2,1778,4822.0,2014,yes,yes,2022,749000
Pointe-Claire,West Island,Single Family,2,3,1220,4862.0,1997,yes,yes,2024,589000
Saguenay,Chicoutimi,Single Family,4,3,1388,9282.0,2023,no,yes,2024,335000
Montréal,Hochelaga-Maisonneuve,Single Family,4,2,1163,3016.0,2011,no,yes,2023,443000
Trois-Rivières,Centre-Ville,Townhouse,3,2,1095,2760.0,1965,yes,yes,2023,231000
Montréal,LaSalle,Single Family,4,3,1736,12525.0,2016,no,no,2024,624000
Montréal,Verdun,Duplex,5,3,1863,5190.0,1985,no,yes,2025,892000
Québec,Lebourgneuf,Duplex,5,3,1875,3602.0,1956,yes,yes,2024,427000
Sherbrooke,Rock Forest,Single Family,3,2,1367,6876.0,1976,no,no,2021,308000
Lévis,Lévis Centre,Townhouse,3,2,885,3113.0,1959,yes,yes,2022,219000
Montréal,Ville-Marie,Single Family,4,1,1777,12819.0,1995,yes,yes,2025,879000
Montréal,Saint-Léonard,Single Family,3,3,1966,8438.0,1958,yes,yes,2025,826000
Drummondville,Centre-Ville,Single Family,4,2,982,5640.0,2022,yes,yes,2023,255000
Laval,Fabreville,Single Family,4,2,1500,8267.0,1962,yes,no,2021,569000
Victoriaville,Centre-Ville,Single Family,6,3,1587,6288.0,1962,yes,yes,2024,466000
Longueuil,Greenfield Park,Single Family,3,3,1723,11806.0,1956,yes,yes,2024,602000
Montréal,Hochelaga-Maisonneuve,Single Family,3,2,944,11425.0,1975,no,yes,2022,388000
Repentigny,Le Gardeur,Single Family,5,3,1406,5234.0,2020,yes,no,2021,478000
Laval,Fabreville,Bungalow,3,1,805,7195.0,2023,yes,yes,2024,531000
Québec,Vanier,Single Family,4,3,1075,12487.0,1986,yes,yes,2024,381000
Mirabel,Saint-Canut,Duplex,4,3,1578,4440.0,1965,no,yes,2025,478000
Trois-Rivières,Centre-Ville,Single Family,4,2,1893,9131.0,1993,yes,yes,2021,350000
Longueuil,Vieux-Longueuil,Single Family,4,2,1371,7551.0,2011,yes,yes,2021,494000
Longueuil,Saint-Hubert,Townhouse,2,2,896,2532.0,2014,yes,yes,2025,483000
Gatineau,Buckingham,Triplex,6,4,1696,5400.0,1968,yes,yes,2024,707000
Mirabel,Saint-Canut,Duplex,6,3,1747,4318.0,1977,yes,yes,2022,516000
Montréal,Villeray,Single Family,5,3,1447,5452.0,1984,no,no,2023,609000
Montréal,Hochelaga-Maisonneuve,Single Family,3,3,1959,8770.0,1967,no,yes,2022,666000
Sept-Îles,Sept-Îles Centre,Bungalow,3,2,1149,5650.0,2009,yes,no,2025,263000
Dollard-des-Ormeaux,West Island,Single Family,3,4,1692,7424.0,2021,yes,no,2024,623000
Montréal,Verdun,Single Family,6,2,1639,5017.0,1956,no,yes,2025,762000
Mirabel,Saint-Canut,Single Family,5,2,1071,6286.0,2007,yes,yes,2024,401000
Mirabel,Saint-Canut,Townhouse,3,2,1060,3994.0,1986,yes,no,2023,285000
Montréal,Mercier,Single Family,4,2,1963,9091.0,1980,no,yes,2022,680000
Terrebonne,Lachenaie,Single Family,2,2,1417,11351.0,1993,yes,yes,2024,718000
Sherbrooke,Rock Forest,Single Family,4,3,1904,4738.0,1997,yes,yes,2023,387000
Châteauguay,Centre-Ville,Single Family,3,3,1921,6411.0,1980,yes,yes,2025,452000
Québec,Charlesbourg,Single Family,5,2,1262,4843.0,1924,yes,yes,2024,347000
Dollard-des-Ormeaux,West Island,Single Family,3,3,1880,7215.0,1976,yes,no,2025,909000
Laval,Vimont,Single Family,2,3,1687,8715.0,1998,yes,yes,2024,855000
Sherbrooke,Lennoxville,Single Family,2,3,1598,4425.0,1993,yes,yes,2024,446000
Montréal,Ahuntsic,Duplex,4,2,1678,4176.0,1992,no,yes,2024,612000
Québec,Val-Bélair,Triplex,7,4,2152,4103.0,1958,no,yes,2022,577000
Laval,Vimont,Townhouse,4,2,1073,2852.0,2022,yes,yes,2023,439000
Saint-Jérôme,Bellefeuille,Single Family,3,2,911,8720.0,2013,no,no,2025,317000
Rimouski,Rimouski Centre,Single Family,3,4,1242,5974.0,1972,no,yes,2024,216000
Saint-Bruno-de-Montarville,Centre-Ville,Duplex,4,3,2006,4457.0,1973,yes,yes,2025,724000
Montréal,Verdun,Townhouse,2,2,1103,3353.0,1974,no,yes,2023,371000
Montréal,Verdun,Triplex,6,4,1930,4776.0,2003,no,yes,2023,709000
Montréal,Outremont,Single Family,4,2,1121,6783.0,1986,yes,no,2021,423000
Saint-Bruno-de-Montarville,Centre-Ville,Townhouse,3,2,1010,2298.0,2016,yes,yes,2023,392000
Brossard,Secteur A,Duplex,5,3,2010,3787.0,2013,yes,yes,2024,738000
Mirabel,Saint-Canut,Single Family,4,3,1558,6621.0,2011,yes,yes,2025,592000
Longueuil,Le Vieux-Longueuil,Single Family,5,3,1715,7768.0,1974,yes,no,2022,700000
Granby,Centre-Ville,Single Family,4,4,917,5450.0,2004,yes,yes,2025,403000
Montréal,Ahuntsic,Single Family,5,4,1671,14130.0,1950,no,yes,2024,711000
Gatineau,Buckingham,Single Family,3,3,1257,6941.0,1966,no,yes,2022,456000
Blainville,Blainville Centre,Townhouse,3,3,1034,3172.0,1983,yes,yes,2025,430000
Drummondville,Centre-Ville,Townhouse,2,2,1052,2319.0,1962,yes,yes,2024,269000
Longueuil,Vieux-Longueuil,Single Family,3,3,1784,13740.0,1980,yes,yes,2023,610000
Longueuil,Saint-Hubert,Single Family,5,4,1390,10625.0,1983,yes,yes,2023,675000
Québec,Sainte-Foy,Single Family,3,4,1070,4342.0,2017,yes,yes,2024,323000
Longueuil,Greenfield Park,Single Family,3,3,1934,10689.0,1986,no,yes,2022,659000
Montréal,LaSalle,Townhouse,3,1,974,3200.0,1971,yes,yes,2021,324000
Sherbrooke,Centre-Ville,Townhouse,3,2,1028,2506.0,1976,yes,no,2023,320000
Saint-Bruno-de-Montarville,Centre-Ville,Single Family,4,2,1442,7214.0,2012,no,yes,2025,723000
Brossard,Secteur C,Townhouse,3,1,1067,3024.0,2004,yes,yes,2025,572000
Montréal,Rosemont,Single Family,5,3,1527,7091.0,1960,yes,no,2022,579000
Châteauguay,Centre-Ville,Townhouse,3,2,1251,2924.0,1967,yes,yes,2024,274000
Montréal,Rosemont,Townhouse,2,1,1137,1990.0,1935,no,yes,2023,358000
Québec,Val-Bélair,Townhouse,2,3,856,2489.0,2013,yes,yes,2024,268000
Alma,Alma Centre,Single Family,4,3,1659,5146.0,1981,yes,yes,2022,276000
Rouyn-Noranda,Rouyn Centre,Single Family,5,3,1577,4766.0,1990,yes,yes,2025,576000
Trois-Rivières,Cap-de-la-Madeleine,Single Family,5,2,1276,9906.0,2016,no,yes,2021,285000
Sherbrooke,Rock Forest,Townhouse,3,2,1096,2147.0,1976,no,yes,2022,245000
Laval,Sainte-Dorothée,Single Family,4,2,2149,4662.0,1986,yes,yes,2025,824000
Victoriaville,Centre-Ville,Single Family,2,3,1888,6010.0,1958,yes,yes,2025,678000
Trois-Rivières,Cap-de-la-Madeleine,Single Family,2,3,1305,4759.0,1972,yes,yes,2024,315000
Boucherville,Boucherville Centre,Single Family,4,2,1123,6703.0,2013,yes,yes,2023,543000
Laval,Chomedey,Single Family,2,2,2047,10469.0,1972,yes,yes,2023,696000
Mirabel,Saint-Canut,Single Family,4,3,1674,8883.0,1969,yes,yes,2023,522000
Longueuil,Saint-Hubert,Duplex,5,3,1740,6357.0,1966,yes,yes,2021,618000
Montréal,Ville-Marie,Bungalow,4,1,1101,7114.0,2010,yes,yes,2022,428000
Montréal,Plateau-Mont-Royal,Triplex,5,6,2428,4714.0,1945,yes,yes,2024,1249000
Lévis,Charny,Single Family,4,3,1251,3683.0,1976,yes,yes,2024,404000
Gatineau,Gatineau Centre,Single Family,4,3,1376,4119.0,1997,yes,yes,2023,508000
Montréal,NDG,Duplex,5,4,2222,6150.0,1956,yes,yes,2022,867000
Laval,Duvernay,Single Family,3,3,1687,3654.0,1990,no,yes,2021,505000
Montréal,Verdun,Duplex,5,2,1547,4555.0,1953,yes,no,2022,596000
Montréal,Outremont,Townhouse,3,2,1038,2332.0,1984,yes,no,2024,341000
Pointe-Claire,West Island,Duplex,4,4,1746,4314.0,1996,yes,no,2025,705000
Terrebonne,Lachenaie,Duplex,4,4,1486,3065.0,1978,yes,yes,2024,694000
Repentigny,Le Gardeur,Single Family,4,3,1428,7129.0,1955,yes,yes,2023,610000
Laval,Pont-Viau,Duplex,4,3,2070,4024.0,1975,yes,no,2024,882000
Granby,Centre-Ville,Single Family,4,3,1951,4653.0,1976,yes,yes,2022,498000
Longueuil,Saint-Hubert,Single Family,3,2,1305,5631.0,1973,yes,yes,2021,479000
Terrebonne,Lachenaie,Single Family,5,3,1348,5599.0,1996,no,yes,2021,540000
Saint-Jérôme,Centre-Ville,Single Family,3,2,1637,8499.0,1984,no,yes,2024,403000
Gatineau,Buckingham,Bungalow,3,1,1289,5306.0,2023,yes,no,2024,593000
Québec,Lebourgneuf,Single Family,4,2,1607,3994.0,1984,yes,yes,2025,483000
Longueuil,Saint-Hubert,Bungalow,3,1,1100,4071.0,1981,no,yes,2022,436000
Trois-Rivières,Cap-de-la-Madeleine,Townhouse,2,2,862,1700.0,2003,yes,yes,2024,256000
Terrebonne,Lachenaie,Single Family,5,3,1734,10339.0,2019,no,yes,2024,787000
Trois-Rivières,Cap-de-la-Madeleine,Single Family,4,2,1295,5975.0,1960,yes,yes,2022,274000
Québec,Charlesbourg,Townhouse,2,3,1090,2733.0,2010,yes,yes,2024,325000
Montréal,Verdun,Townhouse,3,2,927,3218.0,1919,no,yes,2024,318000
Sept-Îles,Sept-Îles Centre,Duplex,4,3,1970,5971.0,1987,no,yes,2024,227000
Montréal,Ville-Marie,Duplex,5,3,1468,4228.0,1974,yes,yes,2021,802000
Longueuil,Vieux-Longueuil,Townhouse,4,3,952,3138.0,1990,yes,yes,2021,386000
Alma,Alma Centre,Single Family,3,3,1628,12627.0,2018,yes,yes,2025,318000
Montréal,Plateau-Mont-Royal,Single Family,3,3,1518,6453.0,1916,no,no,2022,509000
Vaudreuil-Dorion,Centre-Ville,Townhouse,3,2,1219,2740.0,1971,yes,yes,2024,379000
Longueuil,Vieux-Longueuil,Duplex,4,3,1582,4008.0,1961,yes,yes,2023,614000
Saint-Bruno-de-Montarville,Centre-Ville,Duplex,5,3,1846,4801.0,2014,no,yes,2024,613000
Saint-Jean-sur-Richelieu,Centre-Ville,Single Family,2,2,1221,10562.0,1957,yes,yes,2025,337000
Victoriaville,Centre-Ville,Single Family,5,4,1111,3572.0,2013,yes,yes,2023,436000
Brossard,Secteur C,Bungalow,3,1,973,6539.0,1988,yes,yes,2025,603000
Mirabel,Saint-Canut,Duplex,4,2,2029,5475.0,2003,yes,no,2024,480000
Montréal,Pointe-aux-Trembles,Triplex,6,5,2912,4130.0,1964,no,yes,2025,1200000
Dollard-des-Ormeaux,West Island,Duplex,5,3,1688,5271.0,1994,yes,yes,2024,705000
Laval,Pont-Viau,Duplex,6,3,1616,5281.0,1985,yes,yes,2024,763000
Sept-Îles,Sept-Îles Centre,Townhouse,3,2,966,3218.0,1975,yes,yes,2025,174000
Québec,Charlesbourg,Single Family,4,2,1371,4130.0,1966,no,yes,2022,372000
Terrebonne,Lachenaie,Single Family,4,2,1730,5532.0,2013,no,yes,2022,593000
Saint-Jean-sur-Richelieu,Centre-Ville,Townhouse,3,1,1021,2335.0,2015,yes,yes,2023,286000
Victoriaville,Centre-Ville,Townhouse,4,1,1075,2583.0,1979,no,yes,2021,288000
Saint-Jérôme,Centre-Ville,Single Family,4,3,1279,8955.0,2017,yes,yes,2025,504000
Longueuil,Greenfield Park,Townhouse,2,2,939,2295.0,2011,yes,no,2023,356000
Longueuil,Greenfield Park,Townhouse,3,3,1076,3196.0,1977,yes,yes,2025,472000
Québec,Vanier,Single Family,4,3,1084,9946.0,1990,no,yes,2021,354000
Terrebonne,Terrebonne Ouest,Single Family,3,4,1863,11003.0,2004,yes,yes,2021,583000
Saguenay,La Baie,Single Family,3,4,1910,6694.0,2022,yes,no,2025,407000
Sept-Îles,Sept-Îles Centre,Single Family,4,2,1145,8587.0,1966,yes,yes,2022,153000
Montréal,Ville-Marie,Single Family,5,1,1587,5959.0,2006,no,yes,2022,494000
Blainville,Blainville Centre,Duplex,4,4,1881,5853.0,1962,yes,yes,2023,522000
Montréal,NDG,Single Family,4,3,1256,11461.0,1976,no,yes,2022,518000
Saint-Bruno-de-Montarville,Centre-Ville,Single Family,3,2,1586,9060.0,1985,yes,yes,2023,495000
Longueuil,Saint-Hubert,Single Family,4,3,1962,7363.0,1992,yes,yes,2023,646000
Vaudreuil-Dorion,Centre-Ville,Bungalow,3,1,1138,7655.0,2002,yes,yes,2025,437000
Gatineau,Aylmer,Single Family,4,3,1932,5521.0,1972,yes,yes,2024,647000
Longueuil,Vieux-Longueuil,Single Family,3,2,1761,6605.0,1968,yes,yes,2022,615000
Dollard-des-Ormeaux,West Island,Townhouse,3,1,1120,2983.0,2018,no,yes,2023,484000
Montréal,Villeray,Single Family,4,2,1075,8571.0,1903,yes,yes,2022,424000
Brossard,Secteur C,Single Family,3,2,1930,11428.0,2002,yes,yes,2025,714000
Alma,Alma Centre,Duplex,5,3,1455,4979.0,2019,yes,yes,2022,241000
Montréal,Lachine,Single Family,5,2,1435,6147.0,1946,no,no,2024,520000
Victoriaville,Centre-Ville,Triplex,5,5,2818,5715.0,1995,yes,yes,2025,837000
Longueuil,Vieux-Longueuil,Single Family,2,2,1317,12889.0,1966,yes,yes,2024,673000
Lévis,Charny,Duplex,5,3,1318,5118.0,1959,no,no,2022,319000
Longueuil,Greenfield Park,Single Family,4,3,1475,8102.0,1980,yes,yes,2025,832000
Trois-Rivières,Cap-de-la-Madeleine,Townhouse,4,2,1118,2812.0,2017,yes,no,2024,272000
Montréal,Rosemont,Single Family,4,2,1781,7374.0,1944,yes,yes,2024,623000
Montréal,NDG,Single Family,2,3,1220,6830.0,1983,yes,yes,2025,547000
Québec,Sainte-Foy,Duplex,5,3,1560,5877.0,2004,yes,no,2021,304000
Repentigny,Repentigny Centre,Single Family,3,2,1826,8201.0,2015,yes,yes,2024,725000
Montréal,Villeray,Duplex,4,3,1829,3738.0,1956,no,no,2025,696000
Mirabel,Sainte-Monique,Single Family,6,2,1245,9831.0,1973,no,yes,2024,471000
Saint-Bruno-de-Montarville,Centre-Ville,Single Family,5,2,2033,9989.0,2011,yes,yes,2025,917000
Québec,Beauport,Townhouse,3,3,795,2915.0,2000,no,yes,2022,206000
Drummondville,Centre-Ville,Duplex,4,3,1995,3746.0,2022,yes,yes,2023,400000
Vaudreuil-Dorion,Centre-Ville,Single Family,4,2,1363,7714.0,1983,yes,yes,2025,559000
Val-d'Or,Val-d'Or Centre,Single Family,5,4,1320,6423.0,2015,yes,yes,2022,241000
Saint-Jérôme,Bellefeuille,Bungalow,2,1,1026,5168.0,1988,yes,yes,2023,274000
Montréal,Villeray,Single Family,5,2,1310,9152.0,1917,yes,yes,2024,574000
Victoriaville,Centre-Ville,Duplex,4,3,2032,7181.0,2008,no,no,2022,363000
Trois-Rivières,Trois-Rivières-Ouest,Triplex,5,4,2265,6019.0,2008,no,yes,2024,631000
Lévis,Saint-Nicolas,Single Family,6,3,1488,5396.0,1965,yes,no,2024,430000
Victoriaville,Centre-Ville,Single Family,3,2,1505,9785.0,1973,no,yes,2023,457000
Québec,Beauport,Townhouse,3,3,1107,2960.0,1972,yes,no,2025,309000
Laval,Chomedey,Single Family,3,2,1932,9165.0,1995,yes,yes,2023,729000
Laval,Chomedey,Single Family,3,2,1171,7072.0,1956,yes,yes,2022,444000
Longueuil,Saint-Hubert,Single Family,3,2,1582,9106.0,1972,yes,yes,2023,612000
Gatineau,Aylmer,Single Family,5,3,1488,8063.0,2004,yes,no,2023,520000
Montréal,Villeray,Duplex,5,3,1964,4077.0,1980,no,yes,2022,758000
Laval,Sainte-Dorothée,Townhouse,3,2,1259,3689.0,1987,no,no,2024,468000
Brossard,Secteur A,Townhouse,4,2,1289,2353.0,1996,yes,no,2021,345000
Sherbrooke,Lennoxville,Single Family,5,3,1599,7103.0,1982,yes,yes,2023,413000
Candiac,Candiac Centre,Single Family,3,2,1487,10426.0,1957,yes,yes,2025,626000
Mirabel,Sainte-Monique,Single Family,2,2,1799,5706.0,2022,yes,yes,2023,468000
Granby,Centre-Ville,Single Family,4,2,1941,13117.0,1980,yes,yes,2022,503000
Longueuil,Greenfield Park,Single Family,4,3,1168,6916.0,1990,yes,yes,2025,809000
Montréal,Ville-Marie,Single Family,2,1,1185,5015.0,1965,yes,yes,2021,421000
Saint-Jérôme,Centre-Ville,Duplex,4,3,1365,5573.0,1983,yes,yes,2025,468000
Vaudreuil-Dorion,Centre-Ville,Single Family,2,3,1718,9402.0,1985,yes,yes,2024,652000
Montréal,Verdun,Single Family,2,4,1419,4633.0,1956,yes,yes,2022,508000
Repentigny,Repentigny Centre,Bungalow,3,2,960,5447.0,1983,yes,yes,2025,603000
Brossard,Secteur B,Single Family,3,4,987,4153.0,1972,yes,yes,2025,550000
Pointe-Claire,West Island,Triplex,6,5,2158,3905.0,1987,yes,yes,2024,958000
Pointe-Claire,West Island,Duplex,6,3,1304,3642.0,2010,yes,yes,2025,657000
Saguenay,Chicoutimi,Single Family,5,3,1636,12791.0,2004,yes,yes,2022,340000
Longueuil,Vieux-Longueuil,Townhouse,3,2,1068,1656.0,2022,yes,no,2025,549000
Terrebonne,La Plaine,Single Family,4,3,1846,5839.0,1999,no,no,2022,645000
Châteauguay,Centre-Ville,Single Family,2,3,1635,5452.0,1966,no,no,2024,364000
Trois-Rivières,Trois-Rivières-Ouest,Single Family,3,2,1649,8350.0,1962,yes,yes,2023,427000
Québec,Charlesbourg,Single Family,6,3,1189,5399.0,1976,yes,yes,2022,319000
Sherbrooke,Fleurimont,Single Family,4,2,1203,5721.0,2022,no,no,2025,461000
Longueuil,Greenfield Park,Townhouse,3,2,1085,3902.0,2020,yes,no,2024,436000
Montréal,Lachine,Single Family,5,2,1409,8502.0,1952,no,yes,2021,369000
Sherbrooke,Lennoxville,Single Family,3,3,1040,4703.0,1956,yes,no,2021,223000
Mirabel,Sainte-Monique,Single Family,5,3,1654,6700.0,2021,yes,no,2022,473000
Montréal,Pointe-aux-Trembles,Single Family,4,3,1666,8579.0,1961,no,yes,2022,480000
Lévis,Saint-Nicolas,Duplex,4,3,2043,3660.0,1979,yes,yes,2024,412000
Montréal,Lachine,Townhouse,4,1,1109,3130.0,1931,yes,yes,2025,420000
Alma,Alma Centre,Single Family,4,3,1696,8933.0,1967,yes,yes,2023,318000
Longueuil,Saint-Hubert,Single Family,4,2,1048,9044.0,1957,yes,yes,2024,539000
Trois-Rivières,Trois-Rivières-Ouest,Townhouse,3,2,896,2595.0,1960,yes,yes,2022,239000
Montréal,Verdun,Single Family,4,3,1565,13411.0,1970,no,yes,2023,614000
Blainville,Blainville Centre,Duplex,4,2,1865,3997.0,1976,yes,yes,2021,418000
Laval,Fabreville,Duplex,4,4,2150,4891.0,1963,no,yes,2023,703000
Terrebonne,Lachenaie,Triplex,6,4,2860,4041.0,1975,yes,yes,2025,1318000
Gatineau,Buckingham,Single Family,4,2,2055,7701.0,2004,no,yes,2025,834000
Lévis,Lévis Centre,Triplex,6,5,2326,6546.0,2011,no,yes,2024,539000
Montréal,Ahuntsic,Townhouse,4,3,1274,2331.0,2010,yes,no,2025,501000
Sept-Îles,Sept-Îles Centre,Single Family,5,2,1570,5172.0,2009,yes,no,2025,273000
Gatineau,Hull,Single Family,3,2,1178,5613.0,2011,no,no,2024,542000
Terrebonne,La Plaine,Single Family,2,3,1182,5905.0,2015,yes,yes,2023,523000
Laval,Sainte-Dorothée,Single Family,5,2,2108,5660.0,1969,no,yes,2024,743000
Candiac,Candiac Centre,Single Family,4,2,1499,8347.0,1990,yes,yes,2023,597000
Longueuil,Saint-Hubert,Triplex,8,5,2354,3911.0,1956,yes,no,2025,1072000
Gatineau,Buckingham,Single Family,4,3,1354,3652.0,2009,yes,yes,2024,601000
Montréal,Lachine,Single Family,3,2,1750,10099.0,1985,yes,yes,2024,797000
Montréal,Saint-Léonard,Single Family,3,2,923,7929.0,1966,yes,no,2022,455000
Québec,Lebourgneuf,Single Family,4,4,997,10689.0,1987,yes,yes,2023,330000
Gatineau,Aylmer,Single Family,4,4,1435,5058.0,1980,no,yes,2022,469000
Trois-Rivières,Trois-Rivières-Ouest,Townhouse,3,2,1237,3056.0,1995,yes,yes,2024,276000
Laval,Sainte-Dorothée,Townhouse,4,2,1290,2862.0,1955,yes,yes,2024,445000
Montréal,Rosemont,Single Family,6,2,1550,10703.0,1993,yes,no,2025,667000
Brossard,Solar Uniquartier,Single Family,5,4,1136,5423.0,2018,yes,yes,2023,458000
Alma,Alma Centre,Townhouse,3,3,1146,3014.0,1988,yes,yes,2022,190000
Québec,Limoilou,Triplex,7,4,2521,4863.0,2010,yes,yes,2022,675000
Gatineau,Hull,Townhouse,3,2,868,3037.0,1955,yes,yes,2023,297000
Rimouski,Rimouski Centre,Single Family,3,3,1029,8398.0,2016,yes,yes,2025,281000
Québec,Beauport,Townhouse,2,2,867,3674.0,1914,yes,yes,2023,212000
Victoriaville,Centre-Ville,Single Family,3,2,1046,9441.0,1960,yes,yes,2022,326000
Sherbrooke,Rock Forest,Single Family,3,3,1363,6401.0,1990,yes,yes,2024,497000
Montréal,Rosemont,Single Family,6,3,1186,4429.0,1905,yes,no,2025,505000
Brossard,Secteur B,Single Family,5,2,1844,8767.0,2014,yes,no,2024,746000
Candiac,Candiac Centre,Single Family,5,2,1663,8254.0,1971,yes,yes,2022,500000
Boucherville,Boucherville Centre,Triplex,5,4,1923,3576.0,1987,yes,yes,2025,855000
Saguenay,La Baie,Single Family,5,3,2054,6331.0,2000,yes,yes,2025,450000
Longueuil,Le Vieux-Longueuil,Townhouse,2,3,1260,2342.0,1959,no,yes,2025,500000
Baie-Comeau,Baie-Comeau Centre,Duplex,4,3,1819,3499.0,1984,yes,no,2022,177000
Brossard,Secteur A,Bungalow,4,2,1065,5610.0,2001,yes,yes,2025,589000
Longueuil,Greenfield Park,Single Family,3,2,1584,8950.0,2019,yes,yes,2025,834000
Montréal,LaSalle,Townhouse,2,2,956,2186.0,1943,yes,yes,2021,280000
Gatineau,Buckingham,Townhouse,3,1,1011,2422.0,1963,no,yes,2022,354000
Montréal,Ahuntsic,Single Family,3,2,1132,5584.0,1957,yes,yes,2024,517000
Montréal,Hochelaga-Maisonneuve,Single Family,4,3,1398,7214.0,1984,yes,yes,2022,538000
Trois-Rivières,Trois-Rivières-Ouest,Duplex,5,3,1663,4993.0,1961,yes,yes,2021,272000
Vaudreuil-Dorion,Centre-Ville,Townhouse,3,2,825,2947.0,1957,yes,yes,2022,235000
Québec,Sainte-Foy,Single Family,4,3,1482,6045.0,1959,no,yes,2024,453000
Montréal,NDG,Single Family,4,2,1456,6883.0,2003,no,yes,2024,556000
Montréal,Mercier,Duplex,4,3,1786,6764.0,1969,yes,yes,2024,898000
Blainville,Blainville Centre,Townhouse,2,2,1028,3683.0,1964,yes,yes,2024,340000
Montréal,Villeray,Single Family,5,4,2052,10354.0,2022,yes,yes,2024,893000
Mirabel,Sainte-Monique,Single Family,2,3,1817,8085.0,1972,yes,yes,2025,578000
Québec,Val-Bélair,Single Family,5,4,1290,6709.0,1947,yes,yes,2024,382000
Granby,Centre-Ville,Triplex,7,4,2357,4074.0,1980,yes,no,2024,754000
Châteauguay,Centre-Ville,Single Family,3,3,1383,6949.0,1963,no,no,2025,423000
Montréal,LaSalle,Single Family,3,2,1752,8803.0,1909,yes,yes,2021,581000
Laval,Fabreville,Triplex,4,5,2661,5999.0,1964,no,yes,2021,866000
Trois-Rivières,Centre-Ville,Single Family,4,2,1110,12931.0,1987,yes,yes,2024,334000
Boucherville,Boucherville Centre,Duplex,5,2,1306,5088.0,2022,yes,yes,2025,664000
Montréal,Rosemont,Duplex,5,3,2043,3415.0,1946,yes,yes,2023,552000
Gatineau,Buckingham,Single Family,4,4,1507,7764.0,1971,no,yes,2024,579000
Montréal,Hochelaga-Maisonneuve,Bungalow,2,2,1067,4956.0,2016,yes,yes,2024,559000
Terrebonne,La Plaine,Single Family,5,3,1498,3225.0,1969,yes,yes,2022,529000
Québec,Charlesbourg,Single Family,4,1,1438,9748.0,1992,yes,yes,2023,370000
Gatineau,Gatineau Centre,Single Family,4,3,1673,9167.0,2019,yes,no,2022,621000
Québec,Beauport,Single Family,4,2,1511,10440.0,1967,yes,yes,2022,457000
Brossard,Secteur B,Single Family,3,2,1303,4980.0,1964,no,yes,2023,540000
Québec,Sainte-Foy,Single Family,4,3,1457,8569.0,1980,yes,yes,2024,414000
Rimouski,Rimouski Centre,Single Family,2,3,1459,9666.0,2015,yes,yes,2024,288000
Montréal,Plateau-Mont-Royal,Single Family,3,3,993,6955.0,1968,no,yes,2023,450000
Lévis,Charny,Single Family,3,2,1340,12465.0,2016,yes,yes,2024,468000
Montréal,Mercier,Single Family,2,3,1200,4427.0,1924,no,yes,2022,333000
Saint-Jérôme,Bellefeuille,Single Family,3,3,1655,8668.0,1974,yes,yes,2024,454000
Châteauguay,Centre-Ville,Single Family,3,2,1729,4083.0,1966,yes,yes,2025,519000
Québec,Sillery,Single Family,4,2,1478,10472.0,1910,yes,yes,2023,368000
Terrebonne,La Plaine,Single Family,6,3,1278,9038.0,1985,yes,yes,2024,763000
Québec,Sillery,Single Family,6,3,859,6029.0,2009,no,yes,2024,327000
Saint-Jérôme,Bellefeuille,Duplex,3,3,2014,6557.0,2000,yes,yes,2023,416000
Terrebonne,La Plaine,Single Family,3,3,1550,13360.0,1976,yes,yes,2025,762000
Brossard,Secteur A,Single Family,6,3,1425,5244.0,1959,no,no,2025,668000
Blainville,Blainville Centre,Duplex,4,3,1314,3236.0,1971,yes,yes,2024,485000
Longueuil,Le Vieux-Longueuil,Single Family,2,3,1647,6703.0,1977,yes,yes,2022,544000
Laval,Chomedey,Single Family,4,2,1221,6175.0,1982,yes,yes,2025,625000
Montréal,Mercier,Single Family,5,3,1047,10486.0,1952,yes,yes,2024,501000
Longueuil,Greenfield Park,Single Family,2,1,1724,7016.0,1959,yes,yes,2022,540000
Sherbrooke,Rock Forest,Duplex,3,3,1924,4334.0,1978,yes,yes,2025,463000
Drummondville,Saint-Charles,Single Family,4,2,1621,5780.0,2012,yes,no,2024,374000
Brossard,Secteur C,Townhouse,3,2,1052,3190.0,1989,yes,no,2021,326000
Gatineau,Buckingham,Townhouse,3,2,971,2992.0,1956,yes,yes,2025,384000
Brossard,Secteur B,Townhouse,4,1,1149,3092.0,2019,no,yes,2021,367000
Candiac,Candiac Centre,Single Family,4,2,1616,13671.0,1978,yes,yes,2024,648000
Repentigny,Repentigny Centre,Single Family,3,1,2108,4906.0,1955,yes,yes,2024,658000
Granby,Centre-Ville,Triplex,7,4,2630,3785.0,1964,yes,yes,2024,929000
Alma,Alma Centre,Single Family,6,3,1709,6289.0,1997,no,yes,2024,355000
Alma,Alma Centre,Townhouse,3,3,1034,2323.0,1980,no,yes,2024,190000
Granby,Centre-Ville,Triplex,7,5,2799,5026.0,1961,yes,yes,2025,1063000
Lévis,Lévis Centre,Single Family,6,2,1663,6026.0,1956,no,yes,2024,463000
Saint-Jean-sur-Richelieu,Iberville,Single Family,5,1,1504,9330.0,2023,no,yes,2024,483000
Victoriaville,Centre-Ville,Duplex,4,3,1954,3151.0,1996,yes,yes,2024,572000
Longueuil,Greenfield Park,Townhouse,3,2,1061,2343.0,1966,no,yes,2022,377000
Montréal,Lachine,Single Family,4,2,1601,7474.0,1958,yes,yes,2023,543000
Sherbrooke,Fleurimont,Single Family,3,2,1493,10401.0,1968,yes,yes,2022,380000
Longueuil,Saint-Hubert,Single Family,3,3,1161,5352.0,1973,yes,no,2024,534000
Granby,Centre-Ville,Single Family,4,2,1353,6481.0,1976,yes,no,2025,571000
Châteauguay,Centre-Ville,Townhouse,2,2,1284,2908.0,1955,no,yes,2024,350000
Repentigny,Le Gardeur,Single Family,3,4,1400,12721.0,2013,yes,yes,2024,806000
Laval,Sainte-Dorothée,Duplex,3,2,1725,4244.0,2018,yes,yes,2025,769000
Québec,Beauport,Townhouse,3,1,1246,4309.0,1964,yes,yes,2024,303000
Saint-Jérôme,Bellefeuille,Bungalow,4,1,1291,6711.0,2019,yes,no,2021,338000
Québec,Sainte-Foy,Duplex,4,2,1817,3912.0,1977,yes,yes,2024,390000
Brossard,Solar Uniquartier,Single Family,5,2,1920,10145.0,1958,yes,yes,2025,721000
Montréal,Rosemont,Single Family,2,1,1604,4557.0,2000,yes,yes,2022,516000
Saint-Bruno-de-Montarville,Centre-Ville,Duplex,4,3,1779,3446.0,1962,yes,yes,2021,470000
Châteauguay,Centre-Ville,Single Family,2,1,1326,7356.0,1992,yes,yes,2021,275000
Trois-Rivières,Trois-Rivières-Ouest,Single Family,4,3,1212,7622.0,2006,yes,yes,2025,330000
Québec,Limoilou,Single Family,6,2,1195,9318.0,2021,yes,yes,2023,379000
Laval,Duvernay,Townhouse,3,1,1215,3867.0,1977,yes,yes,2023,474000
Québec,Charlesbourg,Townhouse,2,2,1128,2500.0,1915,yes,no,2022,224000
Brossard,Secteur B,Single Family,5,2,1472,9993.0,1996,yes,no,2023,598000
Longueuil,Vieux-Longueuil,Townhouse,3,3,971,2877.0,1982,yes,yes,2023,399000
Boucherville,Boucherville Centre,Single Family,5,2,1703,6137.0,1989,yes,yes,2021,534000
Québec,Sainte-Foy,Duplex,5,3,1879,6311.0,1995,no,yes,2025,464000
Québec,Sillery,Single Family,4,2,1350,8655.0,1952,yes,yes,2024,348000
Brossard,Secteur C,Single Family,6,2,1516,13681.0,1957,yes,yes,2025,654000
Québec,Charlesbourg,Single Family,4,4,1363,12298.0,1989,yes,yes,2021,314000
Vaudreuil-Dorion,Centre-Ville,Townhouse,3,3,1059,2773.0,1996,yes,yes,2023,395000
Saint-Jérôme,Bellefeuille,Single Family,3,3,1147,8066.0,1979,yes,yes,2024,382000
Montréal,Pointe-aux-Trembles,Single Family,5,2,1863,10068.0,1957,no,yes,2021,533000
Brossard,Secteur A,Single Family,4,3,1223,9342.0,2019,yes,yes,2024,506000
Montréal,NDG,Townhouse,4,1,1051,3307.0,1952,yes,no,2025,422000
Granby,Centre-Ville,Townhouse,2,2,1171,3617.0,2022,yes,yes,2024,342000
Trois-Rivières,Trois-Rivières-Ouest,Triplex,8,5,2317,6713.0,1993,yes,yes,2024,669000
Brossard,Solar Uniquartier,Single Family,5,4,1629,8467.0,2018,yes,yes,2022,636000
Montréal,Rosemont,Single Family,5,3,2088,7258.0,1929,no,yes,2024,539000
Châteauguay,Centre-Ville,Duplex,5,3,1551,5013.0,2002,yes,no,2023,334000
Montréal,Lachine,Single Family,4,3,1480,8313.0,2000,yes,yes,2021,586000
Trois-Rivières,Centre-Ville,Duplex,4,3,1675,4535.0,1963,no,yes,2025,406000
Montréal,Ville-Marie,Single Family,3,3,1529,10775.0,1955,yes,yes,2025,711000
Brossard,Solar Uniquartier,Single Family,5,3,2043,12879.0,2009,no,yes,2024,865000
Blainville,Blainville Centre,Triplex,5,4,2274,4378.0,2006,yes,yes,2022,586000
Montréal,Lachine,Single Family,3,2,1324,6016.0,1946,no,yes,2024,447000
Longueuil,Greenfield Park,Single Family,4,3,1872,8849.0,1978,yes,yes,2023,755000
Longueuil,Le Vieux-Longueuil,Single Family,5,3,949,7872.0,1990,yes,yes,2024,591000
Brossard,Solar Uniquartier,Single Family,4,3,1904,3772.0,1962,yes,yes,2024,765000
Lévis,Charny,Townhouse,3,2,1091,2574.0,2009,yes,yes,2025,353000
Montréal,Ahuntsic,Single Family,4,1,1454,7211.0,2007,no,yes,2024,605000
Repentigny,Repentigny Centre,Single Family,5,2,1308,3317.0,2004,yes,yes,2022,426000
Longueuil,Vieux-Longueuil,Townhouse,3,3,1145,2870.0,2005,yes,yes,2024,527000
Sherbrooke,Lennoxville,Duplex,5,3,2102,2919.0,1984,yes,yes,2023,480000
Québec,Lebourgneuf,Single Family,6,3,1373,4857.0,2009,no,yes,2025,436000
Montréal,Pointe-aux-Trembles,Triplex,5,3,2755,5367.0,2011,no,no,2025,1342000
Longueuil,Greenfield Park,Bungalow,4,2,968,7427.0,1996,yes,yes,2022,496000
Sept-Îles,Sept-Îles Centre,Single Family,5,2,1642,4842.0,1966,yes,yes,2021,184000
Val-d'Or,Val-d'Or Centre,Townhouse,3,2,1308,2334.0,1978,yes,yes,2022,214000
Québec,Lebourgneuf,Duplex,4,3,1756,5155.0,1959,yes,yes,2024,508000
Saint-Jean-sur-Richelieu,Centre-Ville,Bungalow,4,1,842,6861.0,1986,no,yes,2024,282000
Laval,Duvernay,Single Family,4,2,935,5883.0,1991,yes,yes,2025,459000
Brossard,Secteur B,Duplex,4,3,1598,4539.0,2013,yes,yes,2023,582000
Châteauguay,Centre-Ville,Townhouse,3,2,1172,1724.0,1985,yes,yes,2025,317000
Gatineau,Gatineau Centre,Townhouse,3,3,1013,2079.0,1994,yes,yes,2024,497000
Longueuil,Greenfield Park,Townhouse,4,2,1091,2804.0,2008,yes,yes,2025,501000
Terrebonne,La Plaine,Single Family,3,2,1093,6140.0,2012,no,yes,2025,642000
Montréal,Plateau-Mont-Royal,Single Family,5,3,1949,6027.0,2006,yes,yes,2024,741000
Québec,Lebourgneuf,Single Family,4,2,1428,9596.0,1918,no,yes,2023,307000
Québec,Sillery,Single Family,4,3,1597,10915.0,1969,yes,yes,2023,393000
Saint-Jérôme,Centre-Ville,Single Family,6,2,1012,5672.0,1995,yes,yes,2021,274000
Montréal,NDG,Single Family,4,3,1360,9048.0,1934,yes,yes,2021,582000
Terrebonne,Lachenaie,Single Family,2,2,2010,9539.0,2016,yes,yes,2024,736000
Québec,Limoilou,Single Family,4,3,1528,5823.0,1959,yes,yes,2023,451000
Laval,Fabreville,Single Family,5,3,1712,10463.0,1983,yes,yes,2024,757000
Montréal,Ahuntsic,Single Family,4,3,1348,7587.0,1989,yes,yes,2024,599000
Laval,Vimont,Townhouse,4,2,1005,4322.0,2017,yes,yes,2022,355000
Sherbrooke,Lennoxville,Triplex,8,4,2424,6651.0,1980,yes,yes,2022,563000
Saguenay,La Baie,Single Family,4,3,1641,9645.0,2000,yes,no,2024,330000
Sherbrooke,Lennoxville,Duplex,5,3,1932,4096.0,1967,no,yes,2021,394000
Montréal,Saint-Léonard,Townhouse,3,2,1108,3938.0,2011,no,yes,2022,393000
Sherbrooke,Fleurimont,Triplex,7,5,2817,4055.0,1978,no,yes,2024,737000
Québec,Charlesbourg,Townhouse,2,2,1134,3214.0,1911,no,no,2025,295000
Québec,Beauport,Single Family,4,2,1422,5679.0,2021,yes,yes,2022,374000
Québec,Beauport,Single Family,4,3,1495,7126.0,2001,yes,yes,2024,514000
Sherbrooke,Centre-Ville,Single Family,3,3,1208,6886.0,1974,yes,yes,2023,368000
Québec,Beauport,Townhouse,3,1,966,2804.0,1933,yes,no,2022,247000
Longueuil,Saint-Hubert,Single Family,6,2,1465,7152.0,1964,yes,no,2024,557000
Longueuil,Vieux-Longueuil,Single Family,3,1,1226,12225.0,2009,yes,yes,2024,604000
Montréal,Rosemont,Townhouse,3,2,1127,2941.0,1953,yes,yes,2024,440000
Brossard,Secteur A,Single Family,4,3,1064,3813.0,2013,yes,yes,2024,568000
Terrebonne,Terrebonne Ouest,Single Family,4,1,1092,6366.0,1974,yes,yes,2021,532000
Drummondville,Centre-Ville,Single Family,2,4,1072,5867.0,1982,yes,yes,2024,326000
Val-d'Or,Val-d'Or Centre,Single Family,5,3,1648,7239.0,1975,no,yes,2023,231000
Laval,Sainte-Dorothée,Triplex,8,3,1979,5393.0,2006,yes,yes,2021,652000
Mirabel,Sainte-Monique,Single Family,4,2,1452,10527.0,1988,no,yes,2021,318000
Montréal,Verdun,Single Family,4,2,1561,7028.0,1998,no,yes,2023,559000
Terrebonne,Lachenaie,Single Family,2,2,1548,5432.0,2017,yes,yes,2022,658000
Montréal,Ville-Marie,Townhouse,3,2,1097,2048.0,1959,yes,no,2025,549000
Victoriaville,Centre-Ville,Triplex,4,4,2221,3680.0,1975,no,yes,2022,555000
Mirabel,Sainte-Monique,Single Family,3,3,1384,6206.0,1973,yes,yes,2021,367000
Lévis,Saint-Nicolas,Single Family,3,3,1869,4970.0,1976,yes,no,2022,402000
Repentigny,Le Gardeur,Single Family,5,3,1724,4633.0,1960,yes,yes,2025,927000
Brossard,Secteur C,Townhouse,3,2,1254,1864.0,2009,yes,yes,2021,453000
Mirabel,Saint-Canut,Single Family,4,2,1325,6329.0,2010,yes,yes,2025,533000
Laval,Fabreville,Single Family,6,3,1571,9257.0,1997,yes,no,2023,580000
Longueuil,Saint-Hubert,Triplex,6,4,2339,6106.0,1984,yes,yes,2024,1001000
Val-d'Or,Val-d'Or Centre,Duplex,5,2,1668,5622.0,2008,no,yes,2021,207000
Longueuil,Greenfield Park,Single Family,4,2,1478,6966.0,1990,yes,yes,2025,723000
Laval,Duvernay,Single Family,4,1,1343,9242.0,2004,yes,yes,2025,688000
Montréal,Plateau-Mont-Royal,Triplex,7,5,2491,6207.0,2012,no,yes,2025,1413000
Rimouski,Rimouski Centre,Single Family,6,3,1704,12261.0,1990,yes,yes,2025,341000
Drummondville,Saint-Charles,Triplex,8,4,1758,5159.0,2006,yes,yes,2024,535000
Repentigny,Repentigny Centre,Single Family,5,2,1864,6303.0,2017,yes,yes,2021,632000
Laval,Duvernay,Single Family,3,2,1441,8030.0,2021,yes,no,2022,514000
Montréal,Plateau-Mont-Royal,Single Family,3,3,1607,5595.0,1912,yes,yes,2025,696000
Montréal,NDG,Single Family,4,2,1038,9714.0,1976,yes,yes,2025,587000
Brossard,Secteur B,Townhouse,3,2,1006,2323.0,1973,yes,yes,2022,344000
Gatineau,Gatineau Centre,Single Family,5,2,1623,7999.0,2022,yes,yes,2023,617000
Québec,Charlesbourg,Townhouse,2,2,1186,2515.0,1962,yes,no,2024,329000
Montréal,Villeray,Townhouse,2,1,1032,3798.0,2004,no,yes,2021,315000
Candiac,Candiac Centre,Single Family,3,2,1455,7997.0,1979,yes,yes,2024,527000
Montréal,Ahuntsic,Townhouse,2,2,1091,3420.0,1956,no,yes,2021,311000
Montréal,Plateau-Mont-Royal,Bungalow,4,1,861,3787.0,1972,no,yes,2021,327000
Saguenay,La Baie,Duplex,6,3,1940,4303.0,1959,yes,no,2023,310000
Longueuil,Vieux-Longueuil,Single Family,6,2,1691,8336.0,1998,yes,yes,2021,545000
Laval,Pont-Viau,Duplex,6,3,2030,3201.0,1967,no,yes,2024,860000
Granby,Centre-Ville,Single Family,6,2,1362,7117.0,1976,yes,yes,2022,479000
Montréal,Ville-Marie,Single Family,2,2,1376,9933.0,2009,no,yes,2021,462000
Québec,Sillery,Townhouse,4,3,859,2843.0,1981,yes,yes,2021,216000
Laval,Duvernay,Townhouse,3,3,1126,2316.0,2006,yes,yes,2024,482000
Blainville,Blainville Centre,Bungalow,4,2,826,5674.0,2011,yes,no,2025,488000
Saint-Jérôme,Bellefeuille,Single Family,3,2,1737,6793.0,1984,yes,yes,2021,402000
Québec,Sillery,Single Family,5,2,1582,9555.0,1915,no,yes,2025,456000
Lévis,Saint-Nicolas,Triplex,4,5,2435,7109.0,1956,yes,yes,2025,607000
Montréal,LaSalle,Single Family,5,1,1723,5003.0,1943,yes,yes,2025,696000
Blainville,Blainville Centre,Duplex,6,3,1789,5047.0,2018,yes,yes,2025,627000
Laval,Sainte-Dorothée,Single Family,3,2,899,5912.0,1989,yes,yes,2025,596000
Laval,Fabreville,Single Family,3,3,1114,10992.0,1964,yes,yes,2025,693000
Alma,Alma Centre,Single Family,4,4,1515,5194.0,2002,yes,yes,2021,273000
Drummondville,Saint-Charles,Single Family,3,3,1021,13445.0,1966,no,yes,2024,296000
Québec,Sainte-Foy,Single Family,5,3,1179,7377.0,1992,yes,yes,2023,289000
Terrebonne,Terrebonne Ouest,Single Family,4,2,1541,14111.0,1991,yes,yes,2021,678000
Repentigny,Repentigny Centre,Triplex,6,4,1946,5812.0,2019,yes,no,2023,992000
Longueuil,Vieux-Longueuil,Townhouse,3,2,944,3225.0,1968,no,yes,2024,359000
Terrebonne,Lachenaie,Triplex,6,4,2084,6499.0,1972,yes,yes,2024,861000
Québec,Vanier,Single Family,5,1,1352,8943.0,1956,yes,yes,2025,508000
Longueuil,Le Vieux-Longueuil,Single Family,4,2,1859,4142.0,1959,yes,yes,2022,585000
Blainville,Blainville Centre,Single Family,4,2,1696,5826.0,1986,yes,yes,2024,569000
Québec,Charlesbourg,Single Family,6,2,1396,4784.0,1907,yes,yes,2025,495000
Saint-Jean-sur-Richelieu,Centre-Ville,Bungalow,3,2,1202,6975.0,1974,yes,yes,2023,322000
Québec,Charlesbourg,Townhouse,2,3,1230,2609.0,1993,yes,yes,2023,303000
Montréal,Lachine,Bungalow,3,2,853,4903.0,1911,no,yes,2021,406000
Montréal,Saint-Léonard,Single Family,3,3,2080,7912.0,1987,no,no,2022,624000
Longueuil,Le Vieux-Longueuil,Single Family,3,3,1343,11134.0,2001,yes,yes,2025,619000
Québec,Sillery,Single Family,3,2,1484,7194.0,2006,no,yes,2024,412000
Longueuil,Greenfield Park,Duplex,4,4,1715,5571.0,1965,yes,yes,2025,854000
Gatineau,Gatineau Centre,Single Family,3,2,1754,6378.0,1992,yes,yes,2024,541000
Vaudreuil-Dorion,Centre-Ville,Triplex,5,4,2251,3462.0,1962,yes,yes,2025,733000
Brossard,Secteur B,Townhouse,3,2,1060,2672.0,1959,no,yes,2022,352000
Brossard,Solar Uniquartier,Townhouse,3,2,915,3289.0,2000,yes,yes,2022,407000
Saint-Jean-sur-Richelieu,Iberville,Single Family,4,2,1305,4534.0,1972,yes,yes,2024,325000
Victoriaville,Centre-Ville,Single Family,4,1,1818,4266.0,2015,yes,no,2022,461000
Longueuil,Saint-Hubert,Townhouse,3,2,965,3266.0,1973,yes,yes,2022,372000
Laval,Fabreville,Single Family,5,3,1492,5786.0,2021,yes,no,2022,519000
Montréal,LaSalle,Single Family,4,3,1751,10531.0,1994,yes,yes,2023,596000
Sept-Îles,Sept-Îles Centre,Townhouse,3,2,853,2609.0,2009,no,yes,2023,141000
Montréal,Villeray,Single Family,5,3,1591,10504.0,1973,no,yes,2024,644000
Brossard,Solar Uniquartier,Townhouse,3,2,1081,1926.0,1967,yes,yes,2023,399000
Lévis,Lévis Centre,Single Family,4,2,806,5717.0,2020,yes,no,2021,221000
Terrebonne,Terrebonne Ouest,Townhouse,3,2,1131,2862.0,1982,no,yes,2024,555000
Québec,Limoilou,Single Family,4,2,1729,5599.0,2020,no,yes,2021,397000
Montréal,Ahuntsic,Triplex,5,5,2243,5087.0,1961,no,yes,2024,1005000
Rimouski,Rimouski Centre,Duplex,5,3,2016,6077.0,1989,yes,yes,2023,278000
Québec,Sainte-Foy,Single Family,4,1,1645,11247.0,1944,yes,no,2024,544000
Boucherville,Boucherville Centre,Duplex,5,4,1381,3937.0,2021,yes,yes,2024,500000
Montréal,Pointe-aux-Trembles,Townhouse,2,2,879,3022.0,1982,yes,yes,2023,326000
Laval,Sainte-Dorothée,Single Family,3,2,1079,5841.0,1997,yes,yes,2024,544000
Montréal,Pointe-aux-Trembles,Townhouse,2,2,974,2660.0,1999,yes,yes,2024,399000
Longueuil,Greenfield Park,Single Family,4,3,2040,4426.0,1962,yes,yes,2022,692000
Brossard,Solar Uniquartier,Triplex,6,5,2297,4572.0,2019,yes,yes,2024,973000
Sherbrooke,Fleurimont,Duplex,4,3,1955,4736.0,2009,yes,yes,2024,637000
Montréal,Ahuntsic,Townhouse,3,3,984,4019.0,1921,yes,yes,2022,416000
Montréal,Mercier,Duplex,3,3,1637,4651.0,1983,yes,yes,2022,686000
Sherbrooke,Rock Forest,Single Family,3,3,1450,7408.0,2014,yes,no,2023,435000
Boucherville,Boucherville Centre,Single Family,4,2,1782,6382.0,1961,yes,yes,2024,640000
Repentigny,Repentigny Centre,Single Family,3,2,1296,5395.0,1970,yes,no,2022,462000
Saint-Bruno-de-Montarville,Centre-Ville,Duplex,4,4,1862,5282.0,1993,yes,yes,2024,746000
Laval,Fabreville,Duplex,6,3,1530,7066.0,2014,no,no,2025,712000
Drummondville,Saint-Charles,Single Family,4,1,1767,9486.0,1982,yes,yes,2022,401000
Longueuil,Vieux-Longueuil,Townhouse,3,3,1129,2611.0,2023,yes,yes,2025,642000
Montréal,LaSalle,Single Family,3,2,1575,6364.0,1904,yes,yes,2023,490000
Trois-Rivières,Cap-de-la-Madeleine,Duplex,4,4,1907,7009.0,2020,yes,yes,2024,313000
Longueuil,Saint-Hubert,Townhouse,2,2,1229,2385.0,2014,no,yes,2023,465000
Granby,Centre-Ville,Single Family,3,3,1606,6012.0,1970,yes,no,2024,486000
Drummondville,Saint-Charles,Single Family,3,3,1577,9666.0,1983,yes,yes,2024,397000
Blainville,Blainville Centre,Single Family,5,2,1456,7671.0,2003,no,yes,2025,621000
Sherbrooke,Centre-Ville,Townhouse,3,3,1145,3266.0,1978,yes,no,2024,353000
Saint-Jérôme,Bellefeuille,Single Family,2,4,1169,7243.0,2000,yes,yes,2022,337000
Laval,Vimont,Duplex,5,4,1883,5176.0,1991,yes,yes,2024,631000
Blainville,Blainville Centre,Single Family,3,3,869,5047.0,2002,yes,yes,2025,380000
Longueuil,Vieux-Longueuil,Triplex,6,4,2561,3352.0,1985,yes,no,2025,1166000
Québec,Vanier,Townhouse,3,2,919,3132.0,1996,yes,yes,2022,262000
Montréal,Pointe-aux-Trembles,Townhouse,3,2,892,2722.0,2019,yes,yes,2021,359000
Brossard,Solar Uniquartier,Single Family,3,4,1452,6294.0,1960,yes,yes,2023,551000
Saint-Jérôme,Bellefeuille,Single Family,4,3,1667,11984.0,1975,yes,yes,2021,418000
Saguenay,Jonquière,Single Family,4,2,1494,5362.0,1965,yes,yes,2024,311000
Saguenay,La Baie,Single Family,3,3,1383,6093.0,1998,yes,no,2024,343000
Rimouski,Rimouski Centre,Single Family,4,2,1023,12041.0,1984,yes,yes,2023,232000
Québec,Sainte-Foy,Townhouse,3,1,989,3482.0,1956,no,yes,2023,247000
Laval,Fabreville,Townhouse,3,2,907,2434.0,1975,yes,yes,2022,416000
Brossard,Secteur B,Townhouse,3,3,1303,3400.0,2009,yes,yes,2023,466000
Montréal,LaSalle,Duplex,5,3,1797,3594.0,1988,no,no,2021,684000
Longueuil,Saint-Hubert,Single Family,3,3,1576,4893.0,2015,no,yes,2024,663000
Montréal,Saint-Léonard,Townhouse,3,2,1013,2185.0,1916,no,yes,2023,349000
Longueuil,Saint-Hubert,Triplex,4,5,1891,3499.0,1962,yes,yes,2025,848000
Longueuil,Greenfield Park,Single Family,3,2,1246,10654.0,1989,yes,no,2023,517000
Trois-Rivières,Cap-de-la-Madeleine,Townhouse,2,2,889,2106.0,2007,yes,yes,2023,221000
Saint-Jean-sur-Richelieu,Iberville,Single Family,3,1,1880,8550.0,1960,no,yes,2023,439000
Candiac,Candiac Centre,Duplex,3,3,1877,2675.0,1986,yes,yes,2021,480000
Laval,Fabreville,Townhouse,4,3,943,2697.0,1955,no,yes,2021,346000
Trois-Rivières,Centre-Ville,Single Family,3,3,2053,6281.0,1972,yes,yes,2024,495000
Montréal,Mercier,Duplex,4,3,1626,4354.0,1996,no,yes,2025,791000
Brossard,Secteur C,Townhouse,3,3,998,2366.0,1960,no,yes,2023,415000
Longueuil,Vieux-Longueuil,Single Family,6,3,1859,7851.0,2000,yes,yes,2025,778000
Montréal,Saint-Léonard,Single Family,4,3,1303,8017.0,2007,yes,no,2022,466000
Terrebonne,La Plaine,Single Family,4,1,1514,10094.0,1969,yes,yes,2025,659000
Longueuil,Greenfield Park,Duplex,5,3,1458,5276.0,1971,yes,yes,2022,471000
Brossard,Secteur B,Townhouse,3,1,1096,2602.0,1961,yes,no,2023,429000
Longueuil,Vieux-Longueuil,Single Family,3,1,1096,5110.0,1966,yes,yes,2024,555000
Brossard,Secteur B,Single Family,5,3,1147,4507.0,1984,yes,yes,2025,630000
Châteauguay,Centre-Ville,Duplex,4,4,1724,4447.0,2019,no,yes,2025,488000
Blainville,Blainville Centre,Single Family,2,2,1032,5883.0,2020,yes,yes,2021,442000
Lévis,Charny,Duplex,4,3,1514,5287.0,2018,no,no,2023,322000
Mirabel,Sainte-Monique,Duplex,4,4,1877,6947.0,2003,yes,no,2021,423000
Saint-Jérôme,Centre-Ville,Townhouse,3,2,897,3033.0,2010,yes,yes,2023,286000
Québec,Beauport,Duplex,5,2,1612,3899.0,1907,yes,yes,2023,396000
Québec,Lebourgneuf,Single Family,2,3,2029,8622.0,2018,yes,yes,2024,557000
Drummondville,Saint-Charles,Duplex,5,3,2012,6163.0,1971,yes,yes,2023,398000
Québec,Beauport,Single Family,5,3,1561,10251.0,1914,yes,yes,2024,470000
Montréal,Ville-Marie,Single Family,3,2,1687,5072.0,2009,yes,yes,2021,540000
Québec,Val-Bélair,Triplex,6,3,2529,4861.0,1960,yes,no,2025,692000
Laval,Duvernay,Single Family,5,2,1284,8387.0,1965,no,yes,2022,631000
Montréal,Saint-Léonard,Single Family,3,1,1462,9299.0,1904,yes,no,2022,424000
Terrebonne,Terrebonne Ouest,Townhouse,3,2,853,2295.0,1989,no,yes,2024,411000
Montréal,LaSalle,Single Family,4,2,1004,5397.0,1999,no,yes,2022,427000
Granby,Centre-Ville,Duplex,4,3,1381,5032.0,1964,yes,yes,2024,402000
Québec,Val-Bélair,Single Family,3,3,1380,4859.0,1977,yes,yes,2024,468000
Montréal,Ville-Marie,Duplex,5,4,1617,5699.0,1926,no,yes,2025,664000
Saint-Jean-sur-Richelieu,Centre-Ville,Single Family,2,4,1405,6321.0,2006,yes,yes,2025,405000
Montréal,LaSalle,Single Family,4,4,1348,5227.0,2021,no,yes,2022,556000
Saint-Jérôme,Centre-Ville,Single Family,5,3,1022,8057.0,1971,yes,yes,2022,281000
Montréal,Ahuntsic,Duplex,4,4,1683,6496.0,1945,no,yes,2023,629000
Saint-Bruno-de-Montarville,Centre-Ville,Single Family,4,1,1135,6435.0,2001,yes,yes,2021,410000
Brossard,Secteur C,Single Family,4,4,1722,8465.0,1959,yes,yes,2025,745000
Granby,Centre-Ville,Triplex,5,4,2120,3872.0,2022,no,no,2025,821000
Boucherville,Boucherville Centre,Single Family,3,1,1413,6388.0,1989,yes,yes,2024,503000
Québec,Charlesbourg,Single Family,5,3,1041,7466.0,1972,yes,yes,2024,386000
Laval,Vimont,Single Family,5,2,1940,5027.0,2022,yes,yes,2023,712000
Québec,Lebourgneuf,Duplex,4,3,1358,5449.0,1997,yes,yes,2022,362000
Québec,Charlesbourg,Triplex,5,4,2274,4184.0,1964,yes,yes,2021,476000
Québec,Vanier,Single Family,6,3,1675,7925.0,2015,yes,yes,2023,472000
Montréal,Pointe-aux-Trembles,Townhouse,3,2,993,2200.0,1973,no,yes,2025,430000
Saguenay,Jonquière,Townhouse,2,2,1185,2960.0,1990,yes,no,2021,177000
Longueuil,Greenfield Park,Single Family,4,4,1323,5047.0,1996,yes,yes,2024,628000
Mirabel,Sainte-Monique,Triplex,4,4,2566,5794.0,2003,yes,no,2023,664000
Mirabel,Sainte-Monique,Single Family,3,3,954,8304.0,2018,yes,yes,2025,489000
Laval,Vimont,Single Family,2,3,1582,9629.0,2017,yes,yes,2022,578000
Laval,Duvernay,Triplex,7,4,1749,6038.0,1958,yes,yes,2023,719000
Brossard,Secteur B,Single Family,5,2,1199,11551.0,1982,no,yes,2023,545000
Lévis,Saint-Nicolas,Single Family,5,3,1233,7746.0,1982,yes,no,2022,379000
Montréal,Outremont,Bungalow,2,1,1256,4960.0,1981,yes,yes,2025,668000
Laval,Duvernay,Single Family,3,3,1264,10756.0,1958,yes,yes,2022,471000
Rouyn-Noranda,Rouyn Centre,Single Family,5,3,1307,5250.0,1983,yes,yes,2024,514000
Boucherville,Boucherville Centre,Townhouse,2,2,1199,2051.0,1971,yes,no,2025,452000
Brossard,Secteur A,Duplex,4,3,1594,4994.0,2008,yes,yes,2022,528000
Montréal,NDG,Townhouse,3,3,1197,4351.0,2013,yes,yes,2022,464000
Gatineau,Hull,Single Family,4,3,1672,8909.0,2004,no,no,2023,659000
Terrebonne,Terrebonne Ouest,Single Family,5,2,2091,11570.0,1987,yes,yes,2021,764000
Brossard,Secteur A,Townhouse,4,3,1181,3968.0,1999,yes,no,2023,429000
Granby,Centre-Ville,Single Family,4,2,1419,11969.0,2004,no,yes,2025,535000
Lévis,Lévis Centre,Townhouse,3,2,1134,3243.0,1980,yes,no,2024,289000
Québec,Limoilou,Duplex,3,3,1780,6445.0,1963,yes,yes,2025,523000
Québec,Sillery,Single Family,5,2,2144,6530.0,1957,yes,no,2023,540000
Montréal,Verdun,Bungalow,3,1,1047,7593.0,1950,yes,yes,2024,536000
Mirabel,Sainte-Monique,Single Family,2,3,1900,10398.0,1991,yes,yes,2021,424000
Québec,Sillery,Single Family,3,1,1912,4092.0,2004,yes,no,2025,575000
Brossard,Secteur B,Townhouse,3,1,1006,4204.0,1995,yes,yes,2025,436000
Repentigny,Repentigny Centre,Bungalow,3,2,1008,3599.0,1991,yes,yes,2023,533000
Sherbrooke,Lennoxville,Duplex,5,3,1687,6007.0,1958,yes,yes,2025,478000
Longueuil,Saint-Hubert,Single Family,5,3,1531,7001.0,1998,yes,yes,2025,974000
Sept-Îles,Sept-Îles Centre,Duplex,4,3,1698,4760.0,1997,no,no,2025,222000
Montréal,NDG,Single Family,5,3,1283,10271.0,1962,yes,yes,2025,650000
Saint-Jean-sur-Richelieu,Iberville,Duplex,3,3,1519,3401.0,2015,yes,yes,2024,380000
Sherbrooke,Rock Forest,Triplex,5,5,1899,5701.0,1977,yes,yes,2025,741000
Laval,Duvernay,Single Family,2,1,1184,3824.0,1968,yes,yes,2022,406000
Québec,Limoilou,Townhouse,3,2,1017,4086.0,1995,yes,yes,2022,259000
Montréal,Ahuntsic,Townhouse,2,2,845,2944.0,1927,yes,yes,2025,364000
Trois-Rivières,Centre-Ville,Single Family,3,3,1388,8224.0,1985,yes,no,2023,338000
Québec,Val-Bélair,Single Family,2,1,1626,9217.0,1988,yes,yes,2023,453000
Pointe-Claire,West Island,Single Family,4,3,1447,4472.0,2009,yes,no,2025,664000
Blainville,Blainville Centre,Single Family,4,4,1062,5902.0,1960,yes,no,2021,320000
Saint-Jérôme,Bellefeuille,Single Family,5,3,1791,4867.0,1959,yes,yes,2021,348000
Blainville,Blainville Centre,Single Family,4,2,1530,10919.0,1964,yes,yes,2022,400000
Blainville,Blainville Centre,Townhouse,3,2,1079,4102.0,1974,yes,yes,2021,238000
Repentigny,Le Gardeur,Single Family,5,3,1560,10782.0,1983,yes,yes,2023,641000
Terrebonne,Lachenaie,Duplex,5,2,1872,5630.0,2008,yes,yes,2025,768000
Montréal,Hochelaga-Maisonneuve,Single Family,4,2,1019,5503.0,1959,no,no,2022,412000
Longueuil,Vieux-Longueuil,Duplex,4,4,2088,3885.0,1987,yes,no,2025,859000
Laval,Chomedey,Townhouse,3,2,1282,3905.0,2014,yes,yes,2023,470000
Laval,Sainte-Dorothée,Single Family,6,3,1062,11706.0,1998,yes,yes,2022,468000
Boucherville,Boucherville Centre,Bungalow,2,2,909,5988.0,2006,yes,no,2025,555000
Longueuil,Vieux-Longueuil,Single Family,5,3,1254,9566.0,1968,yes,yes,2024,609000
Laval,Duvernay,Single Family,2,3,1412,7426.0,1996,yes,yes,2022,514000
Brossard,Solar Uniquartier,Duplex,4,2,1610,7567.0,1985,yes,yes,2023,556000
Rimouski,Rimouski Centre,Single Family,3,4,1380,10178.0,1975,no,no,2024,329000
Repentigny,Repentigny Centre,Single Family,3,3,1483,8470.0,1988,yes,no,2025,652000
Terrebonne,Terrebonne Ouest,Single Family,5,3,1660,9030.0,2007,yes,no,2024,795000
Saguenay,Jonquière,Single Family,3,3,1714,6521.0,1971,yes,yes,2023,315000
Montréal,Ahuntsic,Bungalow,4,1,999,8133.0,1970,yes,no,2022,478000
Laval,Chomedey,Single Family,4,1,1485,3383.0,2001,yes,yes,2024,555000
Granby,Centre-Ville,Single Family,5,3,2156,9357.0,1993,yes,yes,2023,620000
Pointe-Claire,West Island,Townhouse,4,2,1152,2707.0,2021,yes,yes,2022,471000
Longueuil,Greenfield Park,Single Family,4,2,1076,12133.0,2007,yes,yes,2024,574000
Gatineau,Gatineau Centre,Duplex,4,3,1463,4058.0,1998,yes,yes,2023,451000
Terrebonne,La Plaine,Duplex,5,3,1963,3620.0,1976,no,yes,2024,692000
Trois-Rivières,Centre-Ville,Townhouse,2,1,969,1852.0,2014,yes,yes,2021,194000
Montréal,Lachine,Single Family,6,3,1616,5213.0,1920,no,yes,2025,613000
Trois-Rivières,Trois-Rivières-Ouest,Single Family,2,3,1176,11631.0,1970,yes,yes,2023,305000
Saguenay,La Baie,Townhouse,3,2,910,2118.0,1974,yes,yes,2021,167000
Sherbrooke,Rock Forest,Single Family,2,2,2146,9029.0,1971,yes,yes,2025,594000
Laval,Duvernay,Single Family,2,2,1385,7182.0,2019,yes,no,2025,633000
Montréal,Mercier,Single Family,6,3,2003,4567.0,2011,yes,yes,2022,741000
Alma,Alma Centre,Townhouse,3,1,1056,2614.0,1974,yes,yes,2021,153000
Longueuil,Greenfield Park,Townhouse,3,2,1001,3167.0,2006,yes,no,2021,360000
Laval,Chomedey,Bungalow,3,2,980,8447.0,2020,yes,yes,2022,507000
Gatineau,Buckingham,Townhouse,3,1,803,3013.0,2010,no,no,2021,280000
Brossard,Solar Uniquartier,Single Family,3,3,1092,8147.0,1985,yes,yes,2022,419000
Sherbrooke,Centre-Ville,Single Family,4,2,1559,7348.0,2022,yes,yes,2023,497000
Longueuil,Greenfield Park,Single Family,6,2,1621,13081.0,2000,yes,yes,2024,898000
Drummondville,Saint-Charles,Single Family,4,3,2017,11309.0,1959,yes,yes,2024,475000
Gatineau,Aylmer,Duplex,3,3,1915,4136.0,2010,no,yes,2024,656000
Châteauguay,Centre-Ville,Single Family,4,3,2123,8325.0,1979,no,yes,2023,395000
Gatineau,Buckingham,Single Family,3,4,1951,10925.0,2006,yes,yes,2023,621000
Granby,Centre-Ville,Townhouse,3,2,856,3025.0,1999,yes,yes,2025,361000
Laval,Chomedey,Townhouse,2,2,1134,3191.0,1992,no,yes,2021,344000
Dollard-des-Ormeaux,West Island,Single Family,5,3,1097,8638.0,2020,yes,yes,2021,429000
Longueuil,Saint-Hubert,Single Family,5,3,1942,8411.0,2021,yes,yes,2023,711000
Longueuil,Vieux-Longueuil,Single Family,4,3,1594,13372.0,1959,yes,no,2024,643000
Laval,Chomedey,Duplex,5,2,1828,6920.0,1984,yes,yes,2024,626000
Montréal,Ville-Marie,Single Family,4,3,2005,8880.0,1906,yes,yes,2025,729000
Sept-Îles,Sept-Îles Centre,Single Family,3,3,1758,7421.0,2000,yes,yes,2021,203000
Laval,Sainte-Dorothée,Townhouse,2,2,1172,3078.0,1961,yes,yes,2023,473000
Rimouski,Rimouski Centre,Single Family,4,2,1254,10163.0,2002,yes,yes,2025,303000
Sherbrooke,Rock Forest,Townhouse,4,1,1148,4011.0,1992,yes,yes,2024,352000
Montréal,Verdun,Townhouse,2,3,1039,2955.0,1906,no,yes,2023,370000
Gatineau,Gatineau Centre,Single Family,4,2,1135,5872.0,1988,yes,yes,2023,510000
Sherbrooke,Centre-Ville,Triplex,7,5,2059,6155.0,1976,yes,no,2025,705000
Montréal,Plateau-Mont-Royal,Single Family,6,3,1806,8797.0,1961,yes,yes,2025,930000
Vaudreuil-Dorion,Centre-Ville,Single Family,4,3,1418,5732.0,1987,yes,yes,2023,492000
Candiac,Candiac Centre,Townhouse,3,2,930,2663.0,2013,yes,yes,2024,377000
Québec,Charlesbourg,Duplex,4,3,1872,5818.0,1968,yes,yes,2021,439000
Longueuil,Greenfield Park,Duplex,5,4,1622,4633.0,2014,yes,yes,2025,904000
Brossard,Secteur C,Townhouse,3,2,1147,3084.0,1991,yes,yes,2021,295000
Laval,Pont-Viau,Single Family,5,2,1601,5795.0,1983,yes,yes,2024,727000
Montréal,Ville-Marie,Townhouse,3,2,985,2329.0,1901,yes,no,2022,394000
Québec,Val-Bélair,Triplex,6,3,2531,4655.0,1984,yes,yes,2023,643000
Longueuil,Le Vieux-Longueuil,Triplex,6,5,1680,5119.0,2012,yes,no,2024,1041000
Alma,Alma Centre,Single Family,4,3,1770,5955.0,1958,yes,no,2022,333000
Saguenay,La Baie,Single Family,2,3,1257,6985.0,1971,yes,yes,2022,196000
Longueuil,Greenfield Park,Single Family,5,3,1073,12415.0,1990,no,yes,2025,657000
Sherbrooke,Fleurimont,Single Family,6,2,1308,5980.0,2008,yes,no,2023,394000
Québec,Beauport,Single Family,4,2,1670,6945.0,1925,yes,yes,2025,447000
Sherbrooke,Lennoxville,Single Family,3,3,1387,5553.0,2020,no,yes,2024,423000
Sherbrooke,Rock Forest,Duplex,4,3,1914,4653.0,1990,yes,yes,2023,519000
Rimouski,Rimouski Centre,Triplex,5,5,2507,4555.0,1958,yes,no,2024,330000
Québec,Charlesbourg,Duplex,4,2,1615,6007.0,2004,yes,no,2025,421000
Boucherville,Boucherville Centre,Townhouse,3,2,1139,2070.0,1996,yes,yes,2022,333000
Repentigny,Repentigny Centre,Single Family,2,3,1033,4777.0,1978,no,yes,2023,409000
Québec,Beauport,Single Family,5,2,1181,6925.0,1916,no,no,2022,349000
Montréal,Mercier,Townhouse,3,3,975,1979.0,1978,yes,yes,2022,370000
Saguenay,Jonquière,Triplex,6,5,1929,7380.0,2016,yes,no,2025,503000
Laval,Vimont,Single Family,4,3,1565,4325.0,2017,yes,yes,2024,629000
Longueuil,Le Vieux-Longueuil,Single Family,3,3,947,7793.0,1969,yes,yes,2024,536000
Sherbrooke,Centre-Ville,Single Family,2,2,1481,5621.0,2012,yes,yes,2022,347000
Trois-Rivières,Trois-Rivières-Ouest,Single Family,5,3,1591,14718.0,2017,yes,yes,2025,447000
Québec,Beauport,Single Family,4,1,1833,7629.0,1907,yes,yes,2022,374000
Longueuil,Saint-Hubert,Townhouse,3,1,1032,2365.0,2004,yes,yes,2024,459000
Saint-Jérôme,Bellefeuille,Triplex,7,5,2293,7108.0,2010,yes,yes,2025,779000
Sherbrooke,Rock Forest,Single Family,5,3,1429,4897.0,1972,no,yes,2024,401000
Brossard,Secteur A,Single Family,2,3,1937,7300.0,1997,yes,yes,2023,677000
Lévis,Saint-Nicolas,Single Family,4,3,1080,12190.0,1971,yes,yes,2024,392000
Saint-Jérôme,Bellefeuille,Single Family,2,2,1261,3851.0,1957,yes,yes,2022,319000
Trois-Rivières,Trois-Rivières-Ouest,Duplex,5,4,1548,4628.0,1971,no,yes,2022,246000
Brossard,Secteur C,Single Family,3,1,1942,8493.0,1974,yes,yes,2022,717000
Québec,Vanier,Single Family,5,2,1765,7338.0,2020,yes,yes,2021,374000
Boucherville,Boucherville Centre,Triplex,8,4,1847,5682.0,2019,no,yes,2022,571000
Vaudreuil-Dorion,Centre-Ville,Townhouse,2,2,1175,3320.0,1975,yes,yes,2025,370000
Boucherville,Boucherville Centre,Single Family,3,3,1071,7768.0,1967,yes,yes,2023,556000
Montréal,Rosemont,Single Family,3,3,1292,4269.0,1969,yes,yes,2025,617000
Rimouski,Rimouski Centre,Townhouse,2,2,1013,2093.0,1964,no,yes,2023,173000
Montréal,LaSalle,Single Family,4,2,1805,13844.0,1970,yes,yes,2025,812000
Saguenay,Chicoutimi,Single Family,4,3,1511,9190.0,2020,yes,no,2025,341000
Boucherville,Boucherville Centre,Single Family,3,3,1184,4899.0,1961,yes,yes,2025,573000
Montréal,Verdun,Single Family,4,2,1799,6977.0,2001,yes,yes,2024,757000
Sherbrooke,Centre-Ville,Single Family,2,3,1881,9879.0,1966,yes,yes,2023,514000
Repentigny,Le Gardeur,Single Family,4,2,1186,5314.0,2004,yes,yes,2025,662000
Sherbrooke,Lennoxville,Bungalow,4,1,892,4960.0,1967,no,yes,2025,422000
Montréal,Lachine,Townhouse,3,3,1267,1773.0,1979,no,yes,2025,423000
Sherbrooke,Centre-Ville,Single Family,4,3,1663,10046.0,2006,yes,yes,2024,475000
Québec,Sillery,Duplex,5,2,1609,4429.0,2001,no,no,2024,442000
Lévis,Lévis Centre,Single Family,5,2,1540,11611.0,1990,yes,yes,2021,305000
Victoriaville,Centre-Ville,Triplex,6,4,2268,4667.0,1984,yes,no,2023,631000
Terrebonne,La Plaine,Single Family,3,2,1444,7585.0,1981,yes,yes,2023,738000
Longueuil,Vieux-Longueuil,Single Family,4,1,1604,10265.0,2012,no,yes,2021,572000
Montréal,Mercier,Single Family,6,2,1496,6816.0,1961,yes,yes,2023,595000
Laval,Pont-Viau,Single Family,3,4,1656,8212.0,1963,yes,no,2025,682000
Longueuil,Greenfield Park,Single Family,5,3,1196,11981.0,2006,yes,no,2023,718000
Montréal,Outremont,Single Family,3,2,1698,6077.0,1966,yes,no,2025,794000
Québec,Beauport,Townhouse,3,2,1066,3571.0,1986,yes,yes,2023,288000
Repentigny,Repentigny Centre,Single Family,5,3,1792,4868.0,1965,yes,yes,2024,663000
Dollard-des-Ormeaux,West Island,Single Family,3,3,2049,4909.0,1992,yes,yes,2023,767000
Longueuil,Saint-Hubert,Single Family,3,1,1343,4415.0,1962,no,yes,2021,417000
Brossard,Secteur A,Single Family,4,3,1962,5346.0,1995,no,yes,2025,759000
Québec,Vanier,Single Family,4,3,1774,6061.0,1970,yes,yes,2024,480000
Saint-Jérôme,Bellefeuille,Single Family,4,2,1414,5668.0,2015,yes,yes,2025,469000
Terrebonne,Lachenaie,Single Family,3,3,1554,5836.0,1992,no,yes,2025,739000
Candiac,Candiac Centre,Duplex,4,3,1945,3809.0,2022,no,yes,2023,593000
Trois-Rivières,Trois-Rivières-Ouest,Triplex,6,5,2211,3165.0,1967,no,yes,2023,434000
Laval,Vimont,Townhouse,3,1,1367,3620.0,1989,no,yes,2022,419000
Mirabel,Sainte-Monique,Single Family,4,2,1921,11753.0,1955,yes,yes,2023,637000
Québec,Limoilou,Single Family,4,2,1732,11039.0,1955,yes,yes,2024,507000
Montréal,Lachine,Townhouse,3,2,930,2391.0,1913,yes,yes,2025,400000
Alma,Alma Centre,Duplex,5,2,1385,5019.0,2003,yes,yes,2025,244000
Blainville,Blainville Centre,Triplex,6,4,2357,4752.0,2000,yes,yes,2024,712000
Québec,Charlesbourg,Duplex,4,3,1855,7823.0,1956,no,no,2023,472000
Sherbrooke,Rock Forest,Single Family,3,3,1175,6173.0,2002,yes,yes,2024,440000
Saint-Jean-sur-Richelieu,Centre-Ville,Townhouse,2,3,1167,3264.0,1999,yes,yes,2023,247000
Gatineau,Buckingham,Bungalow,2,2,1000,4340.0,1979,no,yes,2025,455000
Montréal,Saint-Léonard,Single Family,5,3,1530,7109.0,1915,no,yes,2022,432000
Boucherville,Boucherville Centre,Townhouse,2,2,1129,1918.0,1981,yes,yes,2023,370000
Québec,Lebourgneuf,Townhouse,3,2,952,3496.0,2007,no,yes,2022,230000
Gatineau,Gatineau Centre,Triplex,8,4,2733,3952.0,1968,yes,yes,2022,732000
Saint-Jean-sur-Richelieu,Iberville,Single Family,6,3,1541,8773.0,1995,yes,no,2025,400000
Vaudreuil-Dorion,Centre-Ville,Single Family,4,3,1810,7241.0,2017,yes,yes,2022,496000
Brossard,Secteur B,Single Family,6,4,1581,10543.0,2022,yes,no,2023,546000
Dollard-des-Ormeaux,West Island,Single Family,4,4,1464,6154.0,1962,no,yes,2021,482000
Candiac,Candiac Centre,Single Family,4,3,1240,10578.0,1987,yes,yes,2025,465000
Gatineau,Buckingham,Single Family,5,2,1489,6992.0,1959,yes,no,2025,693000
Sherbrooke,Rock Forest,Triplex,6,4,2600,6547.0,1967,yes,no,2023,635000
Québec,Val-Bélair,Single Family,3,4,1288,9580.0,1984,yes,no,2025,523000
Gatineau,Gatineau Centre,Bungalow,4,1,1065,5146.0,1988,yes,yes,2022,449000
Montréal,Villeray,Single Family,6,3,1284,6897.0,1927,no,yes,2022,524000
Québec,Limoilou,Single Family,3,1,2082,6127.0,2010,yes,yes,2024,472000
Saint-Jérôme,Centre-Ville,Single Family,3,3,1465,10857.0,1985,yes,yes,2022,369000
Québec,Lebourgneuf,Townhouse,3,2,1024,3074.0,2012,yes,yes,2025,284000
Longueuil,Saint-Hubert,Single Family,3,3,2065,7276.0,1976,yes,yes,2025,855000
Saint-Jérôme,Centre-Ville,Single Family,3,4,1255,7550.0,1967,yes,yes,2022,371000
Sherbrooke,Rock Forest,Townhouse,3,2,1110,2735.0,1964,yes,yes,2023,306000
Montréal,Lachine,Single Family,2,3,1608,5472.0,1977,yes,no,2023,535000
Longueuil,Le Vieux-Longueuil,Duplex,5,3,1802,6648.0,1968,yes,yes,2025,782000
Blainville,Blainville Centre,Single Family,4,3,1602,3625.0,1990,no,yes,2025,666000
Drummondville,Saint-Charles,Single Family,3,3,1410,4570.0,1969,yes,yes,2021,245000
Laval,Fabreville,Triplex,7,4,2138,4083.0,1975,yes,yes,2025,1006000
Sherbrooke,Centre-Ville,Single Family,4,4,1932,8462.0,1994,yes,yes,2024,601000
Laval,Vimont,Single Family,4,1,2016,12402.0,2016,yes,no,2023,633000
Longueuil,Greenfield Park,Bungalow,3,2,1156,5861.0,1986,yes,yes,2023,553000
Granby,Centre-Ville,Single Family,3,3,1285,3465.0,1962,yes,yes,2022,396000
Trois-Rivières,Cap-de-la-Madeleine,Single Family,4,2,1362,10623.0,2002,yes,yes,2023,352000
Laval,Chomedey,Townhouse,3,2,1179,3070.0,2009,no,yes,2023,406000
Québec,Charlesbourg,Single Family,5,2,1652,5201.0,2019,yes,yes,2025,547000
Saint-Jean-sur-Richelieu,Iberville,Townhouse,4,2,1111,3680.0,1969,yes,yes,2025,325000
Lévis,Lévis Centre,Townhouse,3,1,952,2284.0,2009,yes,yes,2022,247000
Trois-Rivières,Cap-de-la-Madeleine,Single Family,4,3,2012,3171.0,2018,yes,yes,2024,533000
Blainville,Blainville Centre,Townhouse,4,1,1135,2303.0,2011,yes,yes,2022,304000
Gatineau,Aylmer,Townhouse,3,2,1081,3049.0,1987,yes,yes,2021,309000
Montréal,Saint-Léonard,Single Family,2,3,1123,4353.0,1961,no,no,2025,508000
Montréal,Mercier,Duplex,3,3,1867,3951.0,1967,no,yes,2021,675000
Québec,Limoilou,Single Family,3,2,1164,5206.0,2020,yes,yes,2025,456000
Pointe-Claire,West Island,Single Family,4,3,1901,7827.0,1984,yes,yes,2023,787000
Montréal,Rosemont,Townhouse,3,2,868,3086.0,1944,yes,yes,2023,314000
Québec,Lebourgneuf,Bungalow,2,1,1189,5136.0,2023,yes,yes,2024,419000
Montréal,Outremont,Single Family,5,4,1565,12058.0,1958,no,yes,2022,577000
Gatineau,Hull,Townhouse,3,3,919,3738.0,1974,yes,yes,2025,421000
Victoriaville,Centre-Ville,Duplex,4,4,1647,3639.0,1998,yes,yes,2022,553000
Brossard,Secteur C,Duplex,5,4,1559,3442.0,2018,no,yes,2021,545000
Repentigny,Le Gardeur,Single Family,3,3,1889,5534.0,1983,yes,yes,2022,711000
Montréal,Rosemont,Duplex,4,3,1683,4096.0,2017,no,no,2024,793000
Laval,Pont-Viau,Duplex,5,3,1842,4420.0,2006,yes,yes,2025,780000
Montréal,Villeray,Single Family,4,2,1220,9881.0,1953,no,yes,2022,529000
Brossard,Solar Uniquartier,Townhouse,3,1,1065,3058.0,1993,yes,yes,2023,478000
Montréal,NDG,Duplex,5,3,1878,4548.0,1958,yes,no,2021,588000
Québec,Limoilou,Single Family,5,2,1330,11374.0,2019,no,no,2021,371000
Granby,Centre-Ville,Single Family,5,2,832,6732.0,1978,yes,yes,2025,408000
Rouyn-Noranda,Rouyn Centre,Duplex,5,3,1836,5511.0,1963,yes,yes,2024,462000
Saint-Jean-sur-Richelieu,Iberville,Single Family,6,2,1115,6212.0,2001,yes,no,2023,362000
Trois-Rivières,Cap-de-la-Madeleine,Single Family,4,3,1529,8467.0,1966,yes,yes,2023,339000
Repentigny,Repentigny Centre,Townhouse,2,1,1078,2146.0,1955,no,no,2025,440000
Lévis,Lévis Centre,Single Family,4,2,1040,8509.0,2003,yes,yes,2025,352000
Longueuil,Vieux-Longueuil,Bungalow,3,2,1187,5616.0,1971,yes,yes,2023,569000
Rouyn-Noranda,Rouyn Centre,Single Family,4,2,1880,11535.0,2001,yes,no,2023,482000
Vaudreuil-Dorion,Centre-Ville,Single Family,4,2,1153,8917.0,1980,yes,no,2021,356000
Mirabel,Saint-Canut,Duplex,5,2,1820,6250.0,1985,yes,yes,2022,418000
Lévis,Charny,Single Family,4,3,1363,8566.0,1967,yes,no,2023,288000
Longueuil,Vieux-Longueuil,Single Family,2,1,1410,6773.0,1962,yes,yes,2023,647000
Laval,Pont-Viau,Bungalow,3,1,1209,5594.0,2001,yes,yes,2022,576000
Laval,Sainte-Dorothée,Single Family,3,3,2093,9425.0,2018,yes,no,2024,691000
Saguenay,La Baie,Single Family,3,2,2140,8833.0,2010,yes,yes,2024,324000
Dollard-des-Ormeaux,West Island,Single Family,4,3,1069,5561.0,2007,no,yes,2024,673000
Québec,Sillery,Townhouse,3,3,1352,3813.0,1932,no,no,2024,336000
Québec,Val-Bélair,Single Family,6,2,1505,6106.0,1972,no,yes,2024,427000
Brossard,Solar Uniquartier,Single Family,3,3,1106,6964.0,2000,yes,yes,2025,632000
Laval,Chomedey,Townhouse,2,2,883,2763.0,2004,yes,yes,2025,403000
Montréal,Lachine,Single Family,3,3,1134,6983.0,1971,yes,yes,2022,412000
Montréal,Rosemont,Single Family,2,2,1421,3872.0,1956,no,yes,2023,452000
Laval,Chomedey,Single Family,3,2,1890,5208.0,1985,yes,yes,2025,773000
Blainville,Blainville Centre,Single Family,4,1,1990,6304.0,1989,yes,no,2022,498000
Boucherville,Boucherville Centre,Duplex,4,3,1892,4795.0,1998,yes,yes,2024,762000
Longueuil,Saint-Hubert,Townhouse,3,1,949,2780.0,2001,yes,yes,2023,389000
Lévis,Saint-Nicolas,Triplex,7,4,2496,7357.0,2019,no,no,2024,691000
Saint-Jean-sur-Richelieu,Centre-Ville,Single Family,3,2,1767,6094.0,1956,yes,yes,2024,443000
Montréal,Ahuntsic,Single Family,4,1,2117,8405.0,1933,no,no,2024,746000
Gatineau,Hull,Single Family,4,2,1652,5867.0,2010,no,yes,2022,449000
Brossard,Secteur B,Duplex,5,3,1470,4190.0,2021,yes,yes,2024,515000
Gatineau,Gatineau Centre,Single Family,5,2,964,5887.0,2006,yes,yes,2024,484000
Vaudreuil-Dorion,Centre-Ville,Townhouse,3,2,1218,3738.0,1958,yes,yes,2025,383000
Saint-Bruno-de-Montarville,Centre-Ville,Single Family,5,3,1197,7352.0,1998,yes,yes,2024,614000
Sherbrooke,Centre-Ville,Townhouse,4,2,1113,2424.0,2005,yes,yes,2022,273000
Châteauguay,Centre-Ville,Single Family,4,2,1549,6483.0,1972,yes,yes,2025,471000
Québec,Sainte-Foy,Townhouse,3,2,1165,3317.0,2003,no,yes,2021,227000
Montréal,Ville-Marie,Triplex,6,5,2375,6910.0,1969,yes,yes,2022,872000
Montréal,LaSalle,Townhouse,4,2,1049,3256.0,2018,no,yes,2025,483000
Montréal,Verdun,Single Family,3,3,1556,11354.0,1984,yes,yes,2024,544000
Laval,Fabreville,Single Family,3,2,1704,7823.0,1987,no,yes,2021,431000
Québec,Vanier,Single Family,4,3,1885,7303.0,1980,no,yes,2024,515000
Montréal,LaSalle,Townhouse,3,3,1185,3912.0,1991,yes,no,2024,450000
Montréal,Mercier,Triplex,5,4,2295,4916.0,1974,no,yes,2021,738000
Mirabel,Sainte-Monique,Single Family,6,3,1682,6142.0,2003,yes,yes,2022,478000
Laval,Fabreville,Single Family,4,3,1470,5342.0,1991,no,yes,2023,522000
Lévis,Lévis Centre,Townhouse,4,1,1135,2516.0,2020,yes,yes,2021,246000
Sherbrooke,Centre-Ville,Single Family,3,2,1835,9214.0,1985,yes,yes,2023,466000
Sept-Îles,Sept-Îles Centre,Single Family,4,2,1459,8967.0,1976,yes,no,2024,194000
Candiac,Candiac Centre,Single Family,5,3,1384,5576.0,1974,yes,yes,2022,512000
Brossard,Secteur A,Single Family,6,2,1188,9100.0,1966,yes,yes,2022,565000
Montréal,Plateau-Mont-Royal,Single Family,4,4,1145,5767.0,2007,yes,no,2022,521000
Longueuil,Le Vieux-Longueuil,Single Family,3,1,1950,7596.0,1968,yes,no,2025,824000
Drummondville,Centre-Ville,Townhouse,2,2,990,3671.0,1983,yes,no,2025,341000
Montréal,Villeray,Single Family,5,3,1515,8464.0,1969,no,yes,2024,587000
Granby,Centre-Ville,Single Family,4,2,933,5915.0,1958,no,yes,2021,319000
Montréal,Outremont,Single Family,3,2,1569,8995.0,2017,no,yes,2025,623000
Montréal,Mercier,Townhouse,3,2,1110,2993.0,1956,yes,yes,2024,558000
Québec,Beauport,Triplex,7,5,2086,4785.0,2003,yes,yes,2024,636000
Québec,Charlesbourg,Single Family,4,2,1239,4662.0,1955,yes,no,2025,362000
Longueuil,Le Vieux-Longueuil,Single Family,4,2,1375,7578.0,2005,no,yes,2023,528000
Drummondville,Saint-Charles,Single Family,2,2,1446,9556.0,1978,yes,yes,2023,373000
Repentigny,Le Gardeur,Duplex,5,3,2108,5453.0,2000,yes,yes,2024,903000
Montréal,Saint-Léonard,Single Family,3,2,1156,6080.0,1924,yes,yes,2024,508000
Saint-Jean-sur-Richelieu,Iberville,Single Family,5,1,1579,13216.0,2018,yes,yes,2022,353000
Montréal,Ahuntsic,Single Family,4,2,1523,11458.0,1916,yes,yes,2022,479000
Montréal,Plateau-Mont-Royal,Single Family,4,2,1523,5401.0,1958,no,yes,2022,540000
Québec,Sillery,Single Family,4,1,1387,14741.0,1989,yes,yes,2024,392000
Vaudreuil-Dorion,Centre-Ville,Single Family,6,3,1314,7621.0,2008,yes,yes,2025,479000
Laval,Chomedey,Duplex,5,4,1235,6724.0,1955,yes,no,2022,500000
Québec,Lebourgneuf,Single Family,3,3,1743,9554.0,2016,yes,no,2023,406000
Montréal,LaSalle,Single Family,4,3,1402,13057.0,1907,no,no,2025,531000
Laval,Vimont,Single Family,4,3,1489,6041.0,1995,yes,yes,2023,501000
Montréal,Ville-Marie,Townhouse,3,2,1164,2691.0,1970,yes,yes,2023,336000
Brossard,Secteur C,Townhouse,3,2,915,2645.0,1986,yes,yes,2024,454000
Brossard,Secteur B,Single Family,4,3,1535,4209.0,1985,no,yes,2025,648000
Laval,Chomedey,Single Family,5,3,1499,10463.0,1972,no,yes,2025,739000
Boucherville,Boucherville Centre,Single Family,4,3,1199,3980.0,1997,yes,yes,2025,552000
Pointe-Claire,West Island,Single Family,3,3,2068,8840.0,1993,yes,yes,2024,776000
Gatineau,Gatineau Centre,Duplex,3,3,1262,4021.0,1982,yes,yes,2025,460000
Gatineau,Aylmer,Single Family,4,3,1937,7072.0,1997,no,yes,2024,665000
Sept-Îles,Sept-Îles Centre,Townhouse,3,2,1101,2672.0,1983,yes,no,2024,182000
Brossard,Secteur A,Bungalow,3,1,974,5524.0,1996,yes,yes,2023,560000
Québec,Lebourgneuf,Townhouse,4,2,1027,1962.0,2011,no,yes,2023,287000
Sherbrooke,Rock Forest,Duplex,4,4,1885,2704.0,2012,yes,yes,2024,513000
Granby,Centre-Ville,Single Family,5,2,1269,4811.0,1957,yes,yes,2022,423000
Longueuil,Le Vieux-Longueuil,Townhouse,3,2,1060,1905.0,1969,yes,yes,2025,487000
Châteauguay,Centre-Ville,Townhouse,3,2,997,3440.0,1977,yes,yes,2024,286000
Trois-Rivières,Trois-Rivières-Ouest,Triplex,7,5,1940,5840.0,1993,yes,yes,2022,458000
Montréal,Verdun,Single Family,4,3,1330,12055.0,2009,yes,yes,2023,498000
Montréal,Saint-Léonard,Single Family,5,4,1863,9607.0,1930,yes,yes,2023,580000
Sherbrooke,Centre-Ville,Townhouse,3,2,995,2733.0,1982,yes,yes,2025,341000
Lévis,Lévis Centre,Triplex,6,5,1932,6291.0,1993,yes,no,2023,546000
Québec,Sainte-Foy,Single Family,5,3,1475,8537.0,1947,yes,yes,2023,377000
Québec,Lebourgneuf,Triplex,6,6,2704,6301.0,2022,yes,yes,2025,834000
Montréal,Villeray,Townhouse,3,2,1198,3095.0,1985,no,yes,2023,430000
Boucherville,Boucherville Centre,Townhouse,3,2,1279,3013.0,2005,yes,no,2023,483000
Québec,Sainte-Foy,Duplex,3,4,1654,5696.0,2008,yes,yes,2022,363000
Longueuil,Saint-Hubert,Townhouse,3,2,1165,3036.0,1973,yes,yes,2025,568000
Mirabel,Saint-Canut,Single Family,4,3,1292,11194.0,2020,yes,yes,2021,400000
Rouyn-Noranda,Rouyn Centre,Single Family,4,3,1215,6048.0,1991,yes,yes,2025,482000
Blainville,Blainville Centre,Single Family,4,3,1505,4673.0,2003,yes,yes,2025,502000
Montréal,Verdun,Single Family,4,4,1316,7621.0,1970,yes,yes,2024,567000
Montréal,Plateau-Mont-Royal,Single Family,5,2,2089,5989.0,1946,no,yes,2025,625000
Drummondville,Centre-Ville,Single Family,3,3,1799,14187.0,1966,yes,yes,2024,443000
Québec,Beauport,Single Family,4,2,943,6942.0,1988,yes,yes,2022,273000
Sherbrooke,Rock Forest,Single Family,3,2,1850,9147.0,1996,yes,yes,2025,598000
Dollard-des-Ormeaux,West Island,Townhouse,4,2,1058,2222.0,2011,no,yes,2025,454000
Dollard-des-Ormeaux,West Island,Single Family,3,2,1079,13529.0,1971,yes,yes,2025,593000
Boucherville,Boucherville Centre,Single Family,3,3,1331,6783.0,1987,yes,yes,2024,536000
Longueuil,Greenfield Park,Townhouse,3,2,1180,3095.0,1965,no,yes,2021,407000
Saint-Jérôme,Bellefeuille,Single Family,3,3,1885,6230.0,1997,no,yes,2024,519000
Laval,Sainte-Dorothée,Single Family,4,2,1787,4774.0,1979,yes,yes,2024,764000
Montréal,Hochelaga-Maisonneuve,Townhouse,3,3,1107,2362.0,1947,no,yes,2025,407000
Montréal,Rosemont,Single Family,3,3,1432,3256.0,2021,no,yes,2022,542000
Montréal,Ahuntsic,Townhouse,2,2,1109,2318.0,2013,no,yes,2021,256000
Drummondville,Saint-Charles,Townhouse,3,2,905,3312.0,1968,yes,yes,2021,198000
Québec,Limoilou,Duplex,5,3,1637,4806.0,1909,yes,yes,2025,422000
Repentigny,Repentigny Centre,Single Family,6,4,1304,9221.0,1998,yes,yes,2025,753000
Saint-Jérôme,Bellefeuille,Single Family,3,1,1774,6661.0,2005,yes,yes,2024,471000
Mirabel,Saint-Canut,Townhouse,3,2,1143,1795.0,1984,yes,yes,2024,373000
Saint-Jean-sur-Richelieu,Iberville,Single Family,5,2,1544,4796.0,2011,yes,yes,2021,299000
Montréal,Rosemont,Single Family,5,1,1928,12971.0,2005,no,yes,2024,744000
Saint-Jean-sur-Richelieu,Centre-Ville,Single Family,3,1,1762,7171.0,1992,yes,yes,2025,449000
Blainville,Blainville Centre,Single Family,3,2,1134,4968.0,1976,yes,no,2025,355000
Brossard,Solar Uniquartier,Townhouse,4,3,1234,3221.0,1956,yes,no,2025,637000
Québec,Val-Bélair,Single Family,3,3,1803,9071.0,1993,yes,yes,2025,472000
Longueuil,Greenfield Park,Townhouse,4,2,1319,2391.0,1958,yes,no,2024,542000
Dollard-des-Ormeaux,West Island,Triplex,7,5,2326,3376.0,1994,no,yes,2025,861000
Laval,Duvernay,Triplex,4,5,2155,4484.0,2004,yes,yes,2025,966000
Brossard,Secteur C,Single Family,5,1,1362,10286.0,1973,yes,yes,2023,505000
Saint-Jérôme,Bellefeuille,Bungalow,3,2,1170,6540.0,1973,yes,no,2024,402000
Québec,Charlesbourg,Duplex,4,2,1426,6759.0,1922,yes,yes,2025,404000
Québec,Sillery,Triplex,5,4,2181,4821.0,1979,yes,yes,2021,440000
Longueuil,Le Vieux-Longueuil,Single Family,4,3,1601,5260.0,2008,yes,yes,2024,578000
Sherbrooke,Centre-Ville,Single Family,5,1,1531,5291.0,1966,yes,no,2024,446000
Brossard,Secteur C,Single Family,4,2,1096,13550.0,1965,no,no,2022,441000
Trois-Rivières,Trois-Rivières-Ouest,Triplex,5,3,2300,4233.0,2010,yes,no,2024,511000
Granby,Centre-Ville,Townhouse,3,3,1134,2924.0,1993,yes,yes,2021,300000
Sherbrooke,Rock Forest,Single Family,3,3,999,8430.0,1974,yes,yes,2021,262000
Québec,Sillery,Single Family,4,3,1903,6958.0,1974,no,yes,2025,497000
Montréal,Villeray,Townhouse,4,2,1098,4328.0,1993,no,yes,2025,454000
Val-d'Or,Val-d'Or Centre,Single Family,5,3,1241,12301.0,1956,yes,yes,2024,292000
Lévis,Charny,Single Family,5,3,1596,6219.0,2015,yes,yes,2023,393000
Montréal,Saint-Léonard,Single Family,4,3,1479,5274.0,1967,yes,yes,2025,733000
Laval,Duvernay,Single Family,4,3,1534,10373.0,1964,no,yes,2023,594000
Dollard-des-Ormeaux,West Island,Single Family,4,3,1253,4368.0,1969,yes,no,2022,515000
Québec,Lebourgneuf,Triplex,7,4,2114,7063.0,1967,yes,yes,2024,630000
Alma,Alma Centre,Single Family,5,2,2042,6055.0,1974,no,yes,2025,372000
Brossard,Secteur A,Triplex,6,4,2571,5392.0,1977,yes,yes,2024,1011000
Sept-Îles,Sept-Îles Centre,Single Family,4,3,1515,7015.0,2019,yes,yes,2024,236000
Québec,Limoilou,Single Family,5,2,1485,6811.0,2008,yes,yes,2025,490000
Blainville,Blainville Centre,Duplex,4,2,1703,5159.0,1964,yes,no,2025,563000
Brossard,Secteur B,Triplex,6,6,2898,6563.0,1994,yes,yes,2025,1088000
Montréal,Ville-Marie,Single Family,6,1,1617,12160.0,2005,yes,no,2023,596000
Saint-Jean-sur-Richelieu,Centre-Ville,Townhouse,4,2,1081,2372.0,1966,yes,yes,2021,213000
Québec,Sillery,Single Family,4,3,1497,5553.0,1984,no,yes,2022,430000
Gatineau,Hull,Single Family,4,4,1051,6557.0,2014,no,yes,2024,405000
Brossard,Solar Uniquartier,Duplex,4,2,1613,3509.0,1985,yes,yes,2023,517000
Gatineau,Buckingham,Single Family,4,2,1329,5225.0,1989,yes,no,2025,509000
Longueuil,Vieux-Longueuil,Single Family,3,3,1083,7204.0,1974,yes,yes,2023,517000
Saguenay,Chicoutimi,Single Family,4,1,1229,6683.0,2002,yes,yes,2024,269000
Drummondville,Centre-Ville,Single Family,5,2,1324,11154.0,1958,yes,yes,2025,390000
Québec,Vanier,Single Family,3,2,1357,4628.0,2006,no,yes,2025,521000
Québec,Charlesbourg,Triplex,5,4,2656,4576.0,1929,yes,yes,2021,458000
Sherbrooke,Fleurimont,Single Family,4,2,1322,8989.0,2002,yes,yes,2025,509000
Boucherville,Boucherville Centre,Single Family,4,3,1142,10439.0,2010,yes,yes,2025,649000
Brossard,Solar Uniquartier,Single Family,4,2,1553,9838.0,1992,yes,no,2025,735000
Victoriaville,Centre-Ville,Townhouse,3,2,1146,2926.0,2002,no,yes,2021,236000
Gatineau,Aylmer,Single Family,4,3,1220,7307.0,1994,no,yes,2024,496000
Montréal,LaSalle,Single Family,6,4,1702,8526.0,1954,yes,no,2025,660000
Montréal,Rosemont,Single Family,5,3,1681,6432.0,1900,no,yes,2021,402000
Laval,Duvernay,Single Family,3,2,1578,12003.0,2012,yes,yes,2024,625000
Dollard-des-Ormeaux,West Island,Triplex,7,4,2193,3209.0,2010,yes,yes,2023,819000
Longueuil,Le Vieux-Longueuil,Single Family,4,3,1701,10227.0,1977,yes,yes,2024,856000
Laval,Fabreville,Single Family,3,2,1870,7847.0,2004,no,no,2025,705000
Montréal,Plateau-Mont-Royal,Single Family,5,3,1454,6645.0,1996,yes,yes,2022,536000
Longueuil,Vieux-Longueuil,Single Family,3,4,1282,5067.0,1985,yes,no,2023,634000
Québec,Vanier,Single Family,4,2,1774,5667.0,1975,no,no,2021,425000
Montréal,LaSalle,Duplex,5,3,1693,4190.0,1959,yes,yes,2023,651000
Blainville,Blainville Centre,Single Family,3,4,1053,10088.0,1994,yes,yes,2021,354000
Montréal,Saint-Léonard,Townhouse,3,2,1272,1892.0,1957,yes,no,2024,517000
Longueuil,Saint-Hubert,Single Family,3,3,1350,7765.0,2012,yes,no,2024,699000
Gatineau,Hull,Single Family,6,1,910,5668.0,1984,yes,no,2021,346000
Drummondville,Saint-Charles,Townhouse,3,2,1021,2259.0,1955,no,yes,2024,224000
Montréal,Plateau-Mont-Royal,Single Family,5,3,1527,6773.0,1903,yes,yes,2023,463000
Québec,Beauport,Single Family,4,3,997,6509.0,1908,yes,yes,2023,329000
Repentigny,Repentigny Centre,Duplex,4,3,2122,3586.0,1981,no,yes,2022,693000
Gatineau,Hull,Duplex,4,4,1880,4404.0,2006,yes,yes,2024,576000
Trois-Rivières,Centre-Ville,Single Family,4,4,1133,6580.0,2020,no,yes,2023,353000
Terrebonne,Lachenaie,Single Family,4,2,1651,9775.0,1966,yes,yes,2024,665000
Gatineau,Aylmer,Single Family,4,2,1659,5089.0,1987,no,yes,2022,433000
Val-d'Or,Val-d'Or Centre,Single Family,2,4,1101,5525.0,1992,yes,yes,2023,218000
Laval,Sainte-Dorothée,Triplex,6,5,2576,3504.0,1986,no,no,2023,1050000
Saint-Bruno-de-Montarville,Centre-Ville,Duplex,5,3,1510,4824.0,2017,yes,no,2024,552000
Blainville,Blainville Centre,Single Family,6,3,1521,4359.0,1989,yes,no,2025,665000
Laval,Pont-Viau,Single Family,5,3,1548,9203.0,1963,yes,no,2022,587000
Longueuil,Le Vieux-Longueuil,Single Family,5,2,1007,9102.0,2004,yes,yes,2024,568000
Montréal,Outremont,Single Family,4,2,1928,7073.0,2020,yes,yes,2023,632000
Saguenay,Jonquière,Duplex,3,3,1891,4233.0,2019,yes,yes,2022,328000
Québec,Vanier,Single Family,4,4,1491,3784.0,1902,no,yes,2025,391000
Terrebonne,Terrebonne Ouest,Single Family,3,3,1351,3786.0,1986,yes,yes,2025,594000
Laval,Chomedey,Bungalow,3,1,935,5663.0,1980,yes,yes,2024,655000
Québec,Limoilou,Single Family,4,1,1929,3914.0,1968,yes,yes,2025,591000
Québec,Sainte-Foy,Single Family,6,3,1483,10287.0,1958,no,no,2024,404000
Québec,Sainte-Foy,Single Family,3,2,1798,5561.0,2019,yes,yes,2025,535000
Blainville,Blainville Centre,Single Family,5,3,1252,5188.0,1968,yes,no,2025,431000
Rimouski,Rimouski Centre,Single Family,3,2,1261,6932.0,1973,yes,yes,2025,250000
Victoriaville,Centre-Ville,Single Family,4,3,1600,7784.0,1994,no,yes,2024,548000
Québec,Lebourgneuf,Duplex,5,4,1966,3987.0,1964,no,no,2024,422000
Saguenay,La Baie,Townhouse,2,1,859,4041.0,1979,yes,yes,2024,189000
Saint-Jean-sur-Richelieu,Centre-Ville,Single Family,6,2,1803,9362.0,1964,no,no,2023,351000
Trois-Rivières,Trois-Rivières-Ouest,Single Family,2,2,1704,5586.0,1969,yes,no,2025,337000
Longueuil,Saint-Hubert,Townhouse,2,2,1095,3536.0,2021,yes,yes,2023,411000
Val-d'Or,Val-d'Or Centre,Single Family,3,2,1479,9110.0,2009,yes,no,2022,249000
Montréal,Hochelaga-Maisonneuve,Single Family,4,4,1415,7040.0,1937,yes,yes,2025,643000
Montréal,Saint-Léonard,Single Family,5,2,1148,4988.0,2004,no,yes,2023,452000
Montréal,Pointe-aux-Trembles,Townhouse,3,2,1339,3279.0,1961,yes,yes,2025,537000
Brossard,Secteur B,Duplex,4,3,1409,3681.0,2019,yes,yes,2023,550000
Laval,Fabreville,Single Family,4,3,1511,10887.0,2005,yes,no,2024,632000
Drummondville,Saint-Charles,Single Family,5,3,1597,7128.0,1968,yes,yes,2022,331000
Montréal,LaSalle,Townhouse,3,2,1098,2295.0,1969,yes,yes,2022,345000
Longueuil,Greenfield Park,Triplex,7,5,2333,4723.0,2004,yes,yes,2024,1134000
Drummondville,Centre-Ville,Single Family,4,2,1487,11792.0,2023,yes,no,2024,398000
Québec,Beauport,Townhouse,3,1,1286,2821.0,2003,no,yes,2025,362000
Québec,Limoilou,Duplex,5,4,1821,6521.0,1950,yes,no,2024,470000
Sept-Îles,Sept-Îles Centre,Single Family,6,4,1696,8950.0,2023,no,yes,2024,246000
Québec,Vanier,Single Family,4,1,1381,5809.0,1948,yes,yes,2023,261000
Québec,Limoilou,Townhouse,2,3,1073,3134.0,1988,yes,yes,2024,314000
Québec,Sillery,Duplex,5,3,1916,5228.0,1990,yes,no,2022,423000
Montréal,Rosemont,Bungalow,3,1,1262,7391.0,2000,yes,yes,2023,520000
Montréal,Mercier,Single Family,4,4,1518,4522.0,2015,yes,no,2022,542000
Québec,Charlesbourg,Townhouse,3,2,1037,2335.0,1980,yes,yes,2021,234000
Châteauguay,Centre-Ville,Single Family,6,2,1815,12473.0,1960,yes,no,2023,490000
Montréal,Outremont,Single Family,3,3,1459,5081.0,1959,no,yes,2024,430000
Boucherville,Boucherville Centre,Triplex,6,6,2350,2890.0,1968,yes,yes,2023,1033000
Montréal,NDG,Triplex,5,5,2005,6368.0,2006,yes,no,2021,681000
Longueuil,Vieux-Longueuil,Duplex,5,3,2078,4811.0,1960,yes,yes,2021,601000
Sherbrooke,Fleurimont,Townhouse,2,2,914,2933.0,2010,yes,yes,2021,233000
Montréal,Outremont,Single Family,3,3,1462,4829.0,1958,yes,yes,2021,513000
Blainville,Blainville Centre,Townhouse,2,2,1127,2996.0,1973,yes,yes,2025,419000
Lévis,Saint-Nicolas,Single Family,4,2,1683,10332.0,2009,yes,no,2025,496000
Laval,Duvernay,Single Family,2,3,1225,4830.0,2007,yes,yes,2023,514000
Alma,Alma Centre,Townhouse,2,1,987,2165.0,1996,yes,yes,2024,171000
Québec,Sainte-Foy,Single Family,3,4,1986,12334.0,1929,yes,yes,2025,614000
Longueuil,Le Vieux-Longueuil,Single Family,4,2,1019,11053.0,1967,yes,yes,2025,580000
Drummondville,Centre-Ville,Duplex,5,3,1612,3263.0,1956,yes,no,2023,310000
Saguenay,La Baie,Single Family,4,2,1492,11619.0,1958,yes,yes,2021,299000
Val-d'Or,Val-d'Or Centre,Duplex,5,3,1643,3722.0,1979,yes,yes,2024,254000
Longueuil,Saint-Hubert,Single Family,4,3,1073,9964.0,1979,no,yes,2023,554000
Saint-Jean-sur-Richelieu,Iberville,Single Family,4,2,1432,9500.0,1966,no,yes,2021,392000
Montréal,Ville-Marie,Duplex,4,3,1597,2889.0,2010,no,no,2024,749000
Montréal,Lachine,Single Family,5,4,1401,11199.0,1915,yes,yes,2024,629000
Québec,Vanier,Duplex,5,3,1341,4326.0,2023,yes,yes,2025,439000
Blainville,Blainville Centre,Single Family,4,2,1593,7859.0,2014,yes,yes,2025,628000
Longueuil,Greenfield Park,Single Family,3,2,1369,10227.0,2008,yes,yes,2025,749000
Laval,Sainte-Dorothée,Single Family,4,2,972,8433.0,1980,yes,yes,2024,512000
Mirabel,Saint-Canut,Single Family,5,2,950,8174.0,1970,yes,yes,2025,490000
Granby,Centre-Ville,Single Family,5,1,1518,6421.0,1960,yes,yes,2025,579000
Sherbrooke,Lennoxville,Single Family,3,2,1288,10673.0,2003,no,yes,2021,342000
Laval,Fabreville,Single Family,6,4,1519,12131.0,1959,yes,yes,2021,562000
Montréal,Lachine,Single Family,6,3,1372,4423.0,1958,no,yes,2023,522000
Saint-Jérôme,Bellefeuille,Single Family,4,2,1468,8631.0,1979,yes,yes,2024,417000
Montréal,Ahuntsic,Townhouse,2,2,1358,2878.0,1975,yes,no,2023,363000
Montréal,Ville-Marie,Single Family,4,3,1318,9060.0,1972,no,yes,2023,518000
Gatineau,Aylmer,Triplex,6,4,2472,6685.0,1992,yes,yes,2021,685000
Saint-Jean-sur-Richelieu,Iberville,Single Family,5,2,1476,10075.0,2016,yes,yes,2024,413000
Terrebonne,Lachenaie,Single Family,4,2,1312,6399.0,2017,no,no,2025,743000
Montréal,NDG,Single Family,4,3,1667,9711.0,1965,yes,yes,2024,615000
Québec,Beauport,Duplex,5,2,2067,3891.0,1966,yes,yes,2022,425000
Montréal,Pointe-aux-Trembles,Single Family,4,3,1454,7214.0,1983,no,no,2023,486000
Val-d'Or,Val-d'Or Centre,Single Family,6,3,1444,9094.0,1968,no,no,2023,200000
Saguenay,Jonquière,Single Family,5,4,2011,11421.0,1993,no,yes,2021,381000
Longueuil,Saint-Hubert,Bungalow,2,1,811,5784.0,1961,no,yes,2021,373000
Granby,Centre-Ville,Bungalow,4,2,1094,5957.0,1993,yes,no,2025,530000
Montréal,Plateau-Mont-Royal,Townhouse,3,2,1106,2367.0,1930,no,yes,2023,447000
Châteauguay,Centre-Ville,Single Family,6,4,1646,5404.0,1955,yes,yes,2023,464000
Longueuil,Saint-Hubert,Single Family,5,1,1838,9985.0,2012,yes,yes,2024,751000
Québec,Beauport,Single Family,5,3,1492,8441.0,1955,yes,yes,2025,523000
Lévis,Charny,Triplex,5,3,2077,5182.0,1959,yes,yes,2022,435000
Sherbrooke,Lennoxville,Duplex,4,2,1813,3991.0,2020,no,yes,2022,366000
Granby,Centre-Ville,Single Family,5,3,1086,9148.0,2022,no,yes,2025,516000
Gatineau,Gatineau Centre,Duplex,4,2,1967,5566.0,1989,yes,no,2023,557000
Montréal,Mercier,Single Family,4,3,1489,6832.0,1903,yes,yes,2024,614000
Brossard,Secteur B,Single Family,4,3,1828,7453.0,2010,yes,yes,2023,699000
Laval,Chomedey,Single Family,3,3,1598,8446.0,2015,yes,no,2023,536000
Victoriaville,Centre-Ville,Bungalow,3,2,917,7642.0,1962,yes,yes,2022,319000
Montréal,Outremont,Townhouse,3,2,984,3537.0,2020,yes,yes,2021,327000
Montréal,Lachine,Townhouse,3,2,1117,2218.0,1903,no,no,2023,412000
Québec,Sillery,Duplex,6,3,1429,3472.0,1922,yes,no,2025,429000
Laval,Sainte-Dorothée,Single Family,4,2,1178,4554.0,1991,yes,yes,2023,535000
Rimouski,Rimouski Centre,Single Family,5,3,1774,12087.0,2010,yes,no,2025,328000
Québec,Limoilou,Single Family,5,3,1109,9398.0,1903,yes,yes,2021,254000
Repentigny,Repentigny Centre,Single Family,4,3,1383,10471.0,1979,no,no,2023,569000
Montréal,Villeray,Townhouse,2,1,1262,1943.0,1977,yes,yes,2023,370000
Laval,Fabreville,Single Family,5,2,1797,4054.0,1968,yes,yes,2024,703000
Rouyn-Noranda,Rouyn Centre,Townhouse,3,3,1102,2163.0,1970,yes,yes,2025,304000
Lévis,Lévis Centre,Single Family,5,2,1895,5266.0,2020,yes,yes,2021,417000
Montréal,Verdun,Single Family,4,2,2103,6532.0,1905,no,yes,2024,631000
Québec,Lebourgneuf,Duplex,3,3,1300,4873.0,1991,yes,yes,2021,383000
Brossard,Solar Uniquartier,Single Family,3,3,1686,6114.0,2013,yes,yes,2023,613000
Québec,Sillery,Townhouse,2,2,1345,2309.0,1923,yes,yes,2023,247000
Longueuil,Vieux-Longueuil,Single Family,4,3,1387,10888.0,1962,yes,no,2023,532000
Montréal,Villeray,Single Family,4,2,1901,6672.0,1904,no,yes,2023,623000
Montréal,Outremont,Single Family,2,2,1149,4213.0,2000,no,yes,2023,493000
Longueuil,Le Vieux-Longueuil,Duplex,5,3,1670,4394.0,2015,yes,yes,2024,740000
Drummondville,Saint-Charles,Single Family,5,2,1540,4966.0,2004,no,yes,2022,316000
Québec,Vanier,Single Family,4,3,1638,11490.0,1956,yes,yes,2022,404000
Québec,Val-Bélair,Townhouse,3,1,1245,2827.0,2016,yes,yes,2023,256000
Laval,Sainte-Dorothée,Townhouse,3,2,1254,3051.0,1959,yes,yes,2024,415000
Brossard,Solar Uniquartier,Single Family,4,3,1675,6226.0,1968,yes,no,2021,601000
Val-d'Or,Val-d'Or Centre,Single Family,3,3,1165,7389.0,1962,yes,no,2022,204000
Repentigny,Repentigny Centre,Single Family,3,2,1636,10198.0,2004,yes,yes,2025,784000
Lévis,Charny,Single Family,5,3,1500,5875.0,2010,no,no,2023,447000
Gatineau,Buckingham,Triplex,8,4,2285,6280.0,1970,yes,no,2021,585000
Baie-Comeau,Baie-Comeau Centre,Duplex,5,3,1564,2725.0,1963,yes,yes,2025,203000
Longueuil,Saint-Hubert,Bungalow,2,1,774,4675.0,1979,no,yes,2024,455000
Granby,Centre-Ville,Single Family,4,3,1642,10490.0,1989,no,yes,2022,485000
Saint-Jérôme,Centre-Ville,Single Family,3,1,969,4521.0,1998,yes,yes,2025,318000
Longueuil,Greenfield Park,Single Family,5,3,1574,5496.0,1972,yes,no,2022,596000
Montréal,NDG,Single Family,3,2,1651,3995.0,1945,no,yes,2022,438000
Québec,Charlesbourg,Single Family,4,3,1481,10173.0,1932,yes,yes,2024,380000
Québec,Lebourgneuf,Single Family,6,1,1946,12837.0,2004,no,yes,2022,476000
Sherbrooke,Centre-Ville,Single Family,5,3,954,6176.0,2020,yes,yes,2022,320000
Montréal,NDG,Single Family,4,2,1347,11561.0,2012,no,yes,2025,572000
Laval,Sainte-Dorothée,Triplex,6,5,2713,3785.0,1957,yes,no,2024,1013000
Gatineau,Gatineau Centre,Single Family,6,2,1209,11473.0,1962,no,yes,2023,505000
Saint-Jérôme,Centre-Ville,Duplex,5,3,1474,4210.0,2014,yes,yes,2023,411000
Laval,Fabreville,Bungalow,2,2,1156,3776.0,1992,yes,yes,2024,668000
Vaudreuil-Dorion,Centre-Ville,Triplex,7,5,2249,3963.0,2007,yes,yes,2023,775000
Alma,Alma Centre,Single Family,6,3,1670,6814.0,2017,no,yes,2022,267000
Victoriaville,Centre-Ville,Single Family,5,3,1975,9383.0,1970,yes,yes,2025,646000
Terrebonne,La Plaine,Bungalow,3,2,1130,6570.0,2013,no,yes,2024,580000
Laval,Vimont,Single Family,4,3,1484,11993.0,1987,no,no,2023,673000
Victoriaville,Centre-Ville,Townhouse,3,2,797,2672.0,1975,yes,yes,2024,287000
Drummondville,Centre-Ville,Single Family,4,2,1462,10454.0,1971,yes,yes,2025,349000
Gatineau,Buckingham,Single Family,5,2,1360,11612.0,2003,yes,yes,2024,559000
Victoriaville,Centre-Ville,Single Family,3,2,1833,10097.0,1956,yes,yes,2024,471000
Brossard,Solar Uniquartier,Single Family,4,2,1641,4189.0,2012,yes,yes,2024,620000
Repentigny,Repentigny Centre,Townhouse,3,1,832,2540.0,2016,yes,no,2025,443000
Dollard-des-Ormeaux,West Island,Single Family,4,1,1730,10947.0,1999,yes,yes,2023,672000
Laval,Vimont,Single Family,3,3,1620,5396.0,2011,no,yes,2022,439000
Laval,Vimont,Townhouse,3,1,1071,3330.0,2022,yes,yes,2023,387000
Laval,Sainte-Dorothée,Triplex,6,6,2542,5528.0,2006,yes,no,2025,1081000
Laval,Sainte-Dorothée,Single Family,4,3,1632,5375.0,2010,yes,yes,2021,647000
Mirabel,Saint-Canut,Single Family,3,3,1819,6568.0,1970,no,yes,2021,380000
Montréal,Rosemont,Single Family,3,2,1310,6903.0,1901,no,no,2025,579000
Lévis,Lévis Centre,Townhouse,3,2,1022,3049.0,2006,yes,yes,2024,272000
Montréal,Rosemont,Townhouse,3,2,1203,2494.0,1907,no,yes,2024,456000
Repentigny,Le Gardeur,Townhouse,2,2,914,3902.0,2000,yes,yes,2023,503000
Saint-Jean-sur-Richelieu,Centre-Ville,Single Family,3,3,1843,5388.0,1982,yes,yes,2022,359000
Terrebonne,Terrebonne Ouest,Townhouse,3,3,1303,2930.0,2001,no,yes,2022,445000
Dollard-des-Ormeaux,West Island,Townhouse,3,3,1069,2202.0,2019,yes,yes,2023,487000
Trois-Rivières,Cap-de-la-Madeleine,Duplex,5,2,1825,6987.0,2017,yes,yes,2025,413000
Lévis,Charny,Single Family,4,4,1472,4914.0,1959,no,yes,2023,458000
Montréal,Mercier,Duplex,4,3,1956,4819.0,1969,no,yes,2024,761000
Sherbrooke,Centre-Ville,Single Family,3,2,1687,6177.0,1996,yes,yes,2022,415000
Candiac,Candiac Centre,Single Family,2,3,1450,5276.0,2002,no,yes,2024,592000
Québec,Sillery,Single Family,4,2,1600,8009.0,1961,yes,no,2023,391000
Montréal,Mercier,Single Family,6,3,1238,9274.0,1954,yes,yes,2021,444000
Saint-Jérôme,Centre-Ville,Duplex,3,3,1400,3629.0,1992,no,yes,2023,398000
Québec,Lebourgneuf,Triplex,6,4,2523,4840.0,1956,yes,yes,2021,535000
Lévis,Lévis Centre,Bungalow,3,2,1026,3889.0,2016,no,yes,2024,408000
Sherbrooke,Fleurimont,Single Family,2,3,1123,9121.0,1958,no,yes,2024,359000
Laval,Sainte-Dorothée,Single Family,3,1,1728,9553.0,2009,yes,yes,2025,772000
Sherbrooke,Rock Forest,Duplex,4,3,2205,3670.0,2011,yes,no,2021,454000
Dollard-des-Ormeaux,West Island,Single Family,5,2,1922,6459.0,1966,yes,no,2023,717000
Québec,Sainte-Foy,Single Family,2,2,1158,10883.0,1992,yes,yes,2025,436000
Terrebonne,Terrebonne Ouest,Townhouse,3,2,1013,2245.0,1983,no,yes,2021,318000
Gatineau,Aylmer,Single Family,4,3,1589,9232.0,1990,yes,yes,2025,793000
Trois-Rivières,Trois-Rivières-Ouest,Duplex,4,3,1279,3278.0,1982,yes,yes,2021,242000
Brossard,Secteur C,Single Family,4,3,2148,4295.0,1987,yes,yes,2024,878000
Boucherville,Boucherville Centre,Triplex,8,5,2349,5751.0,2009,yes,no,2025,1170000
Montréal,Villeray,Single Family,3,3,1301,7953.0,1970,yes,yes,2024,604000
Québec,Lebourgneuf,Single Family,4,1,1866,14012.0,1945,no,yes,2024,463000
Trois-Rivières,Trois-Rivières-Ouest,Duplex,5,3,1512,3615.0,2001,yes,yes,2022,344000
Montréal,Mercier,Single Family,2,4,1144,13697.0,1967,yes,yes,2025,637000
Montréal,Ville-Marie,Single Family,3,3,1980,11136.0,2021,yes,yes,2024,827000
Gatineau,Hull,Triplex,6,6,1883,3240.0,1957,no,yes,2024,690000
Blainville,Blainville Centre,Townhouse,3,2,1240,2004.0,1965,no,no,2023,277000
Laval,Chomedey,Single Family,3,1,1318,5206.0,1965,yes,yes,2021,384000
Montréal,Lachine,Townhouse,2,1,951,2155.0,1924,yes,yes,2025,420000
Lévis,Saint-Nicolas,Single Family,3,1,1524,6595.0,1987,yes,yes,2022,336000
Longueuil,Saint-Hubert,Triplex,6,5,2245,6843.0,2013,no,yes,2025,1016000
Laval,Vimont,Single Family,6,2,1530,10127.0,1956,yes,yes,2022,723000
Granby,Centre-Ville,Single Family,5,2,1464,9885.0,1992,yes,yes,2021,493000
Québec,Vanier,Single Family,5,3,1409,6453.0,2008,yes,yes,2025,481000
Montréal,NDG,Duplex,5,3,1700,4105.0,1958,no,yes,2024,736000
Trois-Rivières,Centre-Ville,Single Family,2,3,1723,5360.0,1993,yes,no,2025,332000
Gatineau,Gatineau Centre,Single Family,3,2,1587,4594.0,2017,yes,yes,2025,626000
Saint-Jean-sur-Richelieu,Centre-Ville,Single Family,4,3,1405,5600.0,1961,yes,no,2022,312000
Gatineau,Aylmer,Single Family,5,2,1436,6013.0,1979,yes,no,2025,675000
Québec,Lebourgneuf,Duplex,5,3,1643,4390.0,1935,no,yes,2025,484000
Vaudreuil-Dorion,Centre-Ville,Townhouse,3,2,1156,2969.0,2014,yes,no,2024,384000
Brossard,Secteur C,Townhouse,3,1,1092,3755.0,1971,no,yes,2025,461000
Blainville,Blainville Centre,Single Family,4,3,1455,8826.0,1989,yes,yes,2025,519000
Laval,Fabreville,Single Family,2,2,1505,6545.0,1977,yes,no,2023,530000
Repentigny,Le Gardeur,Single Family,3,1,1384,9232.0,1955,yes,yes,2023,523000
Mirabel,Saint-Canut,Townhouse,3,2,1052,2754.0,2012,yes,yes,2025,392000
Terrebonne,Lachenaie,Triplex,8,4,2439,4034.0,1989,yes,yes,2025,1241000
Longueuil,Vieux-Longueuil,Duplex,5,3,1982,5531.0,2021,yes,yes,2023,732000
Sherbrooke,Centre-Ville,Single Family,4,4,1772,7714.0,2018,yes,yes,2025,493000
Châteauguay,Centre-Ville,Single Family,3,4,2021,8500.0,1974,yes,yes,2021,359000
Châteauguay,Centre-Ville,Single Family,4,3,1179,10045.0,1962,no,no,2021,267000
Sherbrooke,Fleurimont,Single Family,3,3,1215,4286.0,1990,no,yes,2025,494000
Montréal,Lachine,Single Family,4,3,1750,6708.0,1974,no,yes,2024,636000
Montréal,Mercier,Single Family,4,3,1678,4844.0,2019,no,yes,2022,671000
Alma,Alma Centre,Triplex,6,4,2326,4137.0,2003,no,yes,2022,360000
Sherbrooke,Rock Forest,Duplex,4,4,1871,3503.0,2019,yes,no,2025,595000
Vaudreuil-Dorion,Centre-Ville,Single Family,3,2,1413,8681.0,2010,yes,no,2025,544000
Laval,Sainte-Dorothée,Single Family,4,4,1633,5467.0,1983,yes,yes,2024,692000
Repentigny,Le Gardeur,Single Family,2,2,1314,7191.0,1964,yes,yes,2024,580000
Québec,Val-Bélair,Single Family,4,2,1524,6114.0,1993,yes,yes,2024,420000
Laval,Duvernay,Single Family,3,3,1688,11077.0,1981,yes,yes,2024,719000
Sherbrooke,Centre-Ville,Single Family,4,2,1324,8738.0,1961,yes,yes,2022,456000
Sept-Îles,Sept-Îles Centre,Single Family,2,1,1527,7238.0,1985,yes,yes,2023,173000
Saint-Jean-sur-Richelieu,Iberville,Single Family,4,2,1741,4614.0,2018,no,yes,2021,368000
Montréal,Villeray,Single Family,4,2,1391,12633.0,1969,yes,yes,2025,686000
Montréal,Villeray,Triplex,8,4,2771,4218.0,2010,yes,no,2024,1212000
Québec,Sillery,Single Family,3,3,1268,6608.0,1912,yes,yes,2023,406000
Saguenay,Chicoutimi,Single Family,4,3,1808,3388.0,2019,no,yes,2025,394000
Saint-Jean-sur-Richelieu,Centre-Ville,Duplex,4,3,1689,6288.0,2017,no,yes,2024,461000
Gatineau,Hull,Duplex,4,3,1970,5141.0,1955,yes,yes,2024,625000
Montréal,LaSalle,Single Family,5,3,1221,3677.0,2019,yes,yes,2023,480000
Trois-Rivières,Cap-de-la-Madeleine,Single Family,4,2,1721,3786.0,2011,yes,yes,2025,377000
Trois-Rivières,Centre-Ville,Townhouse,3,1,1175,2573.0,1990,yes,no,2024,270000
Saint-Jean-sur-Richelieu,Centre-Ville,Single Family,4,3,1028,3422.0,1955,yes,yes,2024,298000
Repentigny,Le Gardeur,Single Family,4,2,1608,9241.0,2022,yes,yes,2023,616000
Granby,Centre-Ville,Single Family,3,4,946,7502.0,2014,yes,yes,2021,384000
Québec,Sainte-Foy,Single Family,4,2,1669,11634.0,2012,yes,yes,2021,432000
Saint-Bruno-de-Montarville,Centre-Ville,Single Family,4,4,2001,13746.0,1968,yes,yes,2021,580000
Montréal,Plateau-Mont-Royal,Single Family,3,4,1105,3525.0,1964,no,yes,2024,424000
Laval,Vimont,Triplex,6,3,2767,3500.0,2003,yes,yes,2023,870000
Sherbrooke,Rock Forest,Single Family,3,3,1809,4377.0,2013,yes,yes,2025,516000
Laval,Fabreville,Townhouse,2,2,1051,1952.0,2017,yes,yes,2025,469000
Laval,Fabreville,Duplex,5,3,1858,6410.0,2005,no,yes,2023,718000
Mirabel,Sainte-Monique,Townhouse,4,2,983,2239.0,2023,no,yes,2024,395000
Trois-Rivières,Trois-Rivières-Ouest,Townhouse,3,2,956,3998.0,1975,yes,no,2025,248000
Drummondville,Centre-Ville,Single Family,5,3,1458,7289.0,1967,yes,yes,2025,431000
Rimouski,Rimouski Centre,Single Family,5,3,1278,10570.0,2011,yes,yes,2023,228000
Trois-Rivières,Cap-de-la-Madeleine,Townhouse,3,2,1038,3356.0,1980,yes,yes,2025,263000
Repentigny,Repentigny Centre,Townhouse,3,1,1108,2975.0,2011,yes,yes,2021,332000
Saguenay,Jonquière,Townhouse,3,2,1106,3049.0,1997,yes,yes,2023,191000
Laval,Fabreville,Single Family,2,4,1647,8139.0,1978,yes,yes,2021,562000
Châteauguay,Centre-Ville,Townhouse,3,2,982,2452.0,1963,no,yes,2023,232000
Laval,Duvernay,Townhouse,3,2,917,3008.0,1981,yes,yes,2021,301000
Sherbrooke,Fleurimont,Single Family,6,2,2023,8818.0,1995,no,yes,2025,509000
Laval,Duvernay,Single Family,6,4,1713,4469.0,1970,no,yes,2024,623000
Terrebonne,Lachenaie,Townhouse,3,2,882,2103.0,2021,yes,yes,2022,404000
Drummondville,Saint-Charles,Single Family,5,3,1229,9045.0,1963,no,yes,2023,304000
Saint-Jean-sur-Richelieu,Iberville,Townhouse,3,2,1311,3442.0,2017,yes,yes,2023,283000
Longueuil,Greenfield Park,Single Family,6,2,1992,10041.0,1975,yes,yes,2022,651000
Montréal,NDG,Single Family,4,4,1893,8695.0,1940,no,yes,2025,624000
Québec,Lebourgneuf,Duplex,5,3,1546,4547.0,1961,yes,yes,2024,471000
Baie-Comeau,Baie-Comeau Centre,Single Family,3,3,1835,9522.0,1975,yes,yes,2021,207000
Montréal,Hochelaga-Maisonneuve,Townhouse,4,1,1020,1759.0,1904,no,yes,2025,441000
Châteauguay,Centre-Ville,Duplex,5,3,1786,4061.0,2019,yes,yes,2022,356000
Longueuil,Vieux-Longueuil,Single Family,3,2,1083,10978.0,2023,yes,yes,2024,608000
Saint-Jérôme,Bellefeuille,Bungalow,2,1,1172,6324.0,2009,yes,yes,2023,393000
Gatineau,Gatineau Centre,Townhouse,3,2,1390,3015.0,2016,yes,no,2022,325000
Sherbrooke,Fleurimont,Single Family,5,3,2064,3293.0,2003,no,no,2025,399000
Sherbrooke,Lennoxville,Townhouse,2,1,1052,3493.0,2013,yes,no,2022,264000
Drummondville,Centre-Ville,Single Family,2,3,1510,6949.0,1988,yes,yes,2021,294000
Québec,Lebourgneuf,Single Family,4,2,1511,8158.0,1985,yes,yes,2024,442000
Candiac,Candiac Centre,Single Family,4,3,2042,12447.0,1988,no,yes,2025,761000
Gatineau,Gatineau Centre,Townhouse,3,2,1080,3454.0,2019,no,yes,2022,395000
Blainville,Blainville Centre,Bungalow,3,2,1277,6040.0,1977,yes,yes,2025,557000
Montréal,Ville-Marie,Single Family,4,2,1876,6286.0,2006,yes,yes,2021,608000
Longueuil,Saint-Hubert,Single Family,4,3,1772,6970.0,1965,yes,yes,2022,731000
Brossard,Solar Uniquartier,Townhouse,3,1,1112,1736.0,2002,yes,yes,2021,383000
Terrebonne,La Plaine,Single Family,5,2,1352,5577.0,2022,yes,yes,2024,604000
Laval,Vimont,Single Family,4,2,1623,9942.0,1975,yes,yes,2021,541000
Montréal,Ahuntsic,Single Family,5,2,1769,6626.0,2020,no,yes,2024,608000
Québec,Sainte-Foy,Single Family,4,3,1861,11837.0,1973,yes,no,2025,539000
Longueuil,Le Vieux-Longueuil,Single Family,4,2,1623,6758.0,1980,yes,yes,2024,714000
Saint-Jérôme,Centre-Ville,Single Family,5,2,1339,6142.0,1997,yes,yes,2023,305000
Gatineau,Aylmer,Single Family,4,1,1564,6191.0,1987,yes,no,2024,509000
Saint-Jean-sur-Richelieu,Centre-Ville,Triplex,5,4,1929,5896.0,1968,yes,no,2024,534000
Sherbrooke,Centre-Ville,Single Family,4,1,1625,10329.0,1971,yes,yes,2024,485000
Québec,Vanier,Single Family,5,2,1431,4672.0,1948,yes,yes,2025,491000
Montréal,Ahuntsic,Single Family,3,2,1185,4670.0,1981,no,yes,2025,559000
Brossard,Solar Uniquartier,Single Family,4,2,1160,13061.0,2007,no,no,2023,506000
Saguenay,Chicoutimi,Single Family,5,2,1792,5024.0,1989,yes,yes,2023,335000
Saint-Jérôme,Centre-Ville,Single Family,5,2,1308,9895.0,2003,yes,yes,2024,422000
Montréal,Pointe-aux-Trembles,Single Family,5,2,1511,3874.0,1934,no,yes,2024,554000
Trois-Rivières,Centre-Ville,Single Family,5,2,2009,5941.0,2015,yes,yes,2022,387000
Terrebonne,Terrebonne Ouest,Townhouse,3,2,1054,3590.0,1969,yes,yes,2024,318000
Mirabel,Sainte-Monique,Triplex,6,5,2021,5332.0,1998,no,yes,2025,675000
Laval,Pont-Viau,Duplex,5,3,1518,6892.0,1968,yes,yes,2024,522000
Rimouski,Rimouski Centre,Townhouse,3,2,1149,4292.0,1992,yes,yes,2021,168000
Terrebonne,Terrebonne Ouest,Single Family,3,2,1150,4931.0,2017,yes,yes,2022,586000
Laval,Sainte-Dorothée,Single Family,5,1,1484,11874.0,2003,yes,no,2025,696000
Mirabel,Saint-Canut,Single Family,4,2,1103,7871.0,1975,yes,yes,2024,413000
Trois-Rivières,Centre-Ville,Single Family,3,3,1221,4185.0,1978,yes,yes,2024,293000
Montréal,Hochelaga-Maisonneuve,Duplex,3,3,2059,3792.0,1970,no,yes,2025,719000
Montréal,Outremont,Single Family,6,2,1608,7006.0,2012,yes,no,2024,623000
Montréal,Rosemont,Single Family,3,2,1333,7225.0,1905,yes,no,2023,436000
Vaudreuil-Dorion,Centre-Ville,Single Family,5,2,1779,6443.0,1964,yes,no,2024,657000
Lévis,Charny,Townhouse,3,2,1265,3410.0,1965,yes,yes,2024,344000
Blainville,Blainville Centre,Triplex,5,4,2236,4880.0,2006,no,yes,2021,541000
Châteauguay,Centre-Ville,Townhouse,4,2,973,2233.0,1993,no,yes,2025,299000
Montréal,Plateau-Mont-Royal,Townhouse,3,1,1170,2475.0,2011,yes,yes,2025,519000
Laval,Vimont,Single Family,5,3,1439,5911.0,1977,no,no,2025,693000
Baie-Comeau,Baie-Comeau Centre,Townhouse,3,1,1187,3119.0,1995,no,yes,2021,126000
Longueuil,Saint-Hubert,Townhouse,3,2,1070,3937.0,1961,no,yes,2021,371000
Saguenay,Chicoutimi,Townhouse,4,2,1139,3396.0,1962,no,no,2025,257000
Blainville,Blainville Centre,Single Family,4,3,2007,10305.0,1965,yes,yes,2022,426000
Laval,Fabreville,Single Family,3,2,1275,5833.0,1967,yes,yes,2025,754000
Montréal,Hochelaga-Maisonneuve,Single Family,3,3,1790,6821.0,1952,no,yes,2025,649000
Laval,Pont-Viau,Single Family,4,3,1468,8860.0,1971,yes,no,2025,895000
Longueuil,Greenfield Park,Single Family,2,2,1607,7595.0,2006,yes,yes,2024,635000
Repentigny,Repentigny Centre,Single Family,3,3,1198,13323.0,1966,yes,yes,2023,678000
Repentigny,Repentigny Centre,Townhouse,3,2,1110,2356.0,2018,yes,yes,2025,511000
Saint-Bruno-de-Montarville,Centre-Ville,Duplex,5,4,1561,4852.0,1988,no,yes,2024,588000
Montréal,Mercier,Townhouse,2,2,1059,2632.0,2006,no,yes,2024,376000
Alma,Alma Centre,Single Family,3,2,1733,10653.0,1983,yes,yes,2022,281000
Montréal,Villeray,Single Family,4,2,1977,11538.0,1980,yes,yes,2023,674000
Gatineau,Hull,Single Family,3,2,1462,9793.0,1958,no,no,2021,396000
Longueuil,Greenfield Park,Triplex,5,4,2386,4572.0,2022,yes,yes,2024,1032000
Montréal,Hochelaga-Maisonneuve,Townhouse,3,1,1026,3421.0,1947,yes,yes,2022,326000
Montréal,Pointe-aux-Trembles,Townhouse,3,3,1182,3133.0,2020,yes,yes,2024,452000
Trois-Rivières,Cap-de-la-Madeleine,Townhouse,2,2,898,3876.0,1966,yes,yes,2022,193000
Longueuil,Saint-Hubert,Single Family,4,1,1166,10230.0,1959,yes,yes,2024,670000
Montréal,Villeray,Single Family,3,2,1245,5189.0,1994,yes,yes,2021,407000
Vaudreuil-Dorion,Centre-Ville,Duplex,4,3,1676,3378.0,1972,yes,yes,2022,525000
Sherbrooke,Rock Forest,Townhouse,2,3,1081,3680.0,1975,yes,yes,2024,401000
Vaudreuil-Dorion,Centre-Ville,Triplex,6,5,2465,4588.0,2021,yes,yes,2025,744000
Montréal,Mercier,Single Family,4,3,1374,4120.0,2013,yes,no,2024,560000
Terrebonne,Terrebonne Ouest,Townhouse,3,2,867,2086.0,1959,no,yes,2023,352000
Laval,Fabreville,Townhouse,3,1,1084,3663.0,1997,yes,no,2023,319000
Montréal,Mercier,Single Family,4,2,1281,6599.0,2017,no,yes,2024,585000
Saint-Jérôme,Centre-Ville,Single Family,3,2,1784,8919.0,1964,yes,yes,2022,413000
Montréal,Villeray,Single Family,3,2,1589,10013.0,1923,no,yes,2025,673000
Trois-Rivières,Centre-Ville,Single Family,5,2,1631,6909.0,2013,yes,yes,2021,348000
Val-d'Or,Val-d'Or Centre,Townhouse,2,2,1260,3013.0,2021,yes,yes,2025,251000
Laval,Vimont,Duplex,5,2,1507,4520.0,2005,yes,no,2023,608000
Boucherville,Boucherville Centre,Triplex,6,4,2001,4009.0,1958,yes,yes,2024,796000
Pointe-Claire,West Island,Triplex,8,5,2566,5917.0,2004,yes,yes,2023,853000
Rimouski,Rimouski Centre,Single Family,4,2,1665,11323.0,1975,yes,yes,2025,294000
Gatineau,Gatineau Centre,Townhouse,4,3,1206,1728.0,1958,yes,no,2024,468000
Longueuil,Le Vieux-Longueuil,Single Family,3,1,1488,9047.0,2015,yes,yes,2021,541000
Pointe-Claire,West Island,Townhouse,3,1,1070,2052.0,2009,yes,no,2021,316000
Montréal,Ville-Marie,Single Family,2,1,1454,10645.0,1960,no,no,2025,593000
Mirabel,Sainte-Monique,Townhouse,3,2,1156,3375.0,2012,no,yes,2023,320000
Montréal,Ville-Marie,Single Family,3,3,1380,13254.0,1922,no,no,2025,548000
Montréal,Mercier,Duplex,3,2,1671,5313.0,1998,no,yes,2024,737000
Longueuil,Le Vieux-Longueuil,Single Family,4,2,1738,4286.0,2010,yes,yes,2024,645000
Longueuil,Le Vieux-Longueuil,Bungalow,3,1,1109,5331.0,2008,yes,yes,2023,522000
Québec,Charlesbourg,Single Family,3,1,1272,11311.0,1949,yes,yes,2021,318000
Montréal,Hochelaga-Maisonneuve,Single Family,2,2,1163,4156.0,1994,yes,no,2021,360000
Montréal,Pointe-aux-Trembles,Bungalow,3,2,1090,5531.0,1922,yes,yes,2021,375000
Granby,Centre-Ville,Single Family,3,1,1489,10933.0,1991,yes,no,2023,436000
Québec,Sillery,Single Family,4,2,1268,11611.0,1989,yes,yes,2025,419000
Québec,Val-Bélair,Single Family,4,3,1528,6649.0,2023,yes,yes,2024,502000
Granby,Centre-Ville,Duplex,4,3,1677,4873.0,2003,no,yes,2024,422000
Candiac,Candiac Centre,Townhouse,3,2,1246,2789.0,1963,yes,yes,2025,477000
Québec,Vanier,Single Family,6,3,1837,6184.0,2022,yes,yes,2025,552000
Montréal,Saint-Léonard,Single Family,3,4,1218,6948.0,1966,yes,no,2024,513000
Québec,Sainte-Foy,Single Family,5,4,2017,9546.0,1962,yes,yes,2024,583000
Boucherville,Boucherville Centre,Townhouse,3,1,825,3514.0,1978,yes,yes,2025,374000
Laval,Pont-Viau,Single Family,4,3,1172,4551.0,1963,yes,yes,2025,454000
Repentigny,Repentigny Centre,Single Family,4,2,1388,8964.0,1976,yes,no,2022,608000
Sherbrooke,Centre-Ville,Single Family,3,2,1901,7272.0,2021,yes,yes,2024,544000
Granby,Centre-Ville,Single Family,3,2,1247,8991.0,1986,no,yes,2023,480000
Sherbrooke,Fleurimont,Single Family,3,3,1979,4764.0,1970,yes,yes,2024,528000
Granby,Centre-Ville,Townhouse,2,1,853,2424.0,2007,no,yes,2024,288000
Repentigny,Le Gardeur,Single Family,4,3,1645,9362.0,1979,yes,yes,2023,733000
Québec,Charlesbourg,Single Family,6,2,1174,11992.0,1967,yes,no,2024,412000
Rouyn-Noranda,Rouyn Centre,Single Family,4,3,1321,14212.0,1989,yes,no,2021,416000
Granby,Centre-Ville,Single Family,5,3,1884,12577.0,2017,yes,yes,2024,653000
Gatineau,Hull,Triplex,5,6,2541,3868.0,1958,yes,yes,2025,996000
Québec,Vanier,Single Family,3,3,1557,12072.0,1935,yes,yes,2024,445000
Montréal,Mercier,Single Family,4,3,890,5869.0,1990,yes,yes,2024,446000
Saint-Jérôme,Centre-Ville,Single Family,4,2,1891,7156.0,1983,yes,yes,2023,476000
Vaudreuil-Dorion,Centre-Ville,Duplex,3,3,1499,4897.0,1959,yes,yes,2024,472000
Montréal,Verdun,Single Family,3,3,1252,6689.0,1918,yes,yes,2024,569000
Québec,Charlesbourg,Triplex,6,6,2608,3200.0,2017,yes,yes,2022,576000
Gatineau,Aylmer,Single Family,4,4,1671,7703.0,2016,yes,yes,2025,728000
Gatineau,Buckingham,Single Family,2,2,1091,10523.0,2018,yes,yes,2023,480000
Terrebonne,Terrebonne Ouest,Single Family,3,3,1573,5970.0,2012,yes,yes,2025,884000
Sherbrooke,Fleurimont,Single Family,4,3,1749,9087.0,1970,yes,yes,2025,590000
Terrebonne,Lachenaie,Single Family,6,2,1518,7014.0,2021,yes,yes,2022,595000
Longueuil,Vieux-Longueuil,Single Family,5,2,1848,5516.0,1977,yes,yes,2025,942000
Longueuil,Vieux-Longueuil,Single Family,4,3,1627,11231.0,1996,yes,yes,2023,767000
Laval,Pont-Viau,Single Family,3,3,1199,9314.0,2008,yes,no,2025,596000
Repentigny,Le Gardeur,Single Family,5,1,1058,5205.0,2007,yes,yes,2021,462000
Montréal,Villeray,Single Family,5,3,1723,9030.0,2010,no,yes,2025,597000
Montréal,Pointe-aux-Trembles,Duplex,5,3,1321,6364.0,1967,no,no,2022,570000
Gatineau,Aylmer,Townhouse,3,2,1269,2522.0,1985,yes,yes,2024,471000
Montréal,Ville-Marie,Single Family,4,3,1628,11682.0,1957,no,yes,2022,606000
Québec,Sainte-Foy,Single Family,3,2,1620,5998.0,2000,no,yes,2024,427000
Laval,Sainte-Dorothée,Townhouse,3,1,1316,3157.0,1999,no,yes,2025,459000
Laval,Sainte-Dorothée,Single Family,4,2,1266,6241.0,1964,yes,yes,2023,521000
Québec,Lebourgneuf,Townhouse,3,2,779,2660.0,1998,yes,yes,2023,255000
Montréal,Rosemont,Duplex,5,4,2019,3719.0,1968,yes,yes,2022,659000
Victoriaville,Centre-Ville,Townhouse,4,2,1099,2849.0,1974,yes,yes,2024,316000
Dollard-des-Ormeaux,West Island,Single Family,4,3,1681,7262.0,2014,no,yes,2024,692000
Laval,Sainte-Dorothée,Single Family,4,3,2139,7091.0,1957,yes,yes,2024,844000
Granby,Centre-Ville,Single Family,4,2,1727,2862.0,1995,no,yes,2022,392000
Saint-Jean-sur-Richelieu,Iberville,Single Family,3,3,1510,5351.0,1981,yes,yes,2023,437000
Longueuil,Greenfield Park,Triplex,5,5,2363,3563.0,2008,yes,no,2023,833000
Longueuil,Vieux-Longueuil,Single Family,5,3,1572,3096.0,1984,yes,no,2024,761000
Gatineau,Buckingham,Single Family,2,3,1537,7241.0,2020,yes,yes,2021,512000
Saint-Bruno-de-Montarville,Centre-Ville,Single Family,4,3,1488,3609.0,2002,yes,yes,2023,639000
Sherbrooke,Centre-Ville,Single Family,4,3,1687,6063.0,1967,no,no,2021,360000
Saint-Jean-sur-Richelieu,Centre-Ville,Single Family,5,1,1464,3187.0,1967,yes,yes,2023,368000
Dollard-des-Ormeaux,West Island,Single Family,5,3,2041,5411.0,2000,yes,yes,2024,811000
Blainville,Blainville Centre,Single Family,3,1,1015,7828.0,1973,no,yes,2024,371000
Blainville,Blainville Centre,Townhouse,4,2,1070,1826.0,1989,yes,yes,2025,348000
Québec,Sainte-Foy,Single Family,5,2,1957,12911.0,1931,yes,yes,2023,452000
Longueuil,Vieux-Longueuil,Duplex,6,4,1940,6114.0,1967,yes,yes,2022,723000
Victoriaville,Centre-Ville,Single Family,4,2,1601,7434.0,1956,yes,yes,2023,490000
Terrebonne,Terrebonne Ouest,Single Family,3,2,1452,6776.0,1969,yes,yes,2024,565000
Sherbrooke,Fleurimont,Single Family,4,2,1256,6706.0,1960,yes,yes,2024,382000
Gatineau,Gatineau Centre,Single Family,3,3,1239,6820.0,1986,yes,yes,2024,556000
Dollard-des-Ormeaux,West Island,Single Family,6,2,1318,13335.0,1973,yes,yes,2024,591000
Montréal,Villeray,Single Family,5,4,1211,11255.0,1939,yes,yes,2021,455000
Québec,Charlesbourg,Triplex,4,4,2755,6954.0,1934,yes,yes,2024,648000
Longueuil,Greenfield Park,Single Family,3,2,1712,5064.0,1957,no,yes,2025,842000
Victoriaville,Centre-Ville,Townhouse,3,2,850,3330.0,2014,yes,yes,2021,259000
Blainville,Blainville Centre,Single Family,3,3,1888,4332.0,2005,yes,no,2023,553000
Montréal,Plateau-Mont-Royal,Duplex,5,3,1439,3303.0,1930,yes,yes,2024,699000
Montréal,Ville-Marie,Townhouse,2,2,927,2841.0,1978,no,no,2024,394000
Châteauguay,Centre-Ville,Single Family,3,3,1419,6558.0,2019,no,yes,2021,399000
Sherbrooke,Centre-Ville,Bungalow,3,2,1100,5773.0,1979,yes,yes,2025,444000
Montréal,Mercier,Single Family,3,3,1845,7637.0,1983,yes,yes,2025,695000
Châteauguay,Centre-Ville,Single Family,4,2,1637,5436.0,2005,yes,yes,2025,471000
Terrebonne,Lachenaie,Bungalow,3,2,1169,5955.0,2018,no,yes,2023,588000
Sherbrooke,Centre-Ville,Bungalow,3,1,1034,4969.0,1966,yes,yes,2023,382000
Gatineau,Gatineau Centre,Triplex,6,4,1961,3723.0,1955,yes,yes,2021,503000
Rimouski,Rimouski Centre,Townhouse,4,2,1108,2859.0,1997,yes,yes,2022,168000
Lévis,Lévis Centre,Duplex,6,3,1788,4455.0,1998,yes,yes,2024,404000
Montréal,Villeray,Single Family,3,1,887,7463.0,1909,yes,yes,2025,500000
Pointe-Claire,West Island,Townhouse,3,2,841,3160.0,2019,yes,yes,2025,465000
Saguenay,La Baie,Single Family,5,3,1062,4398.0,1957,yes,yes,2022,223000
Montréal,Pointe-aux-Trembles,Duplex,5,3,1831,3670.0,1981,yes,no,2025,843000
Mirabel,Saint-Canut,Single Family,3,2,1198,5696.0,1975,yes,no,2024,387000
Terrebonne,Terrebonne Ouest,Bungalow,3,2,1196,5146.0,2021,yes,yes,2024,706000
Terrebonne,Terrebonne Ouest,Single Family,2,2,1354,6277.0,1999,yes,yes,2023,559000
Laval,Chomedey,Triplex,7,4,2523,3709.0,1973,yes,yes,2024,906000
Laval,Fabreville,Single Family,5,2,1448,6103.0,1996,no,yes,2024,604000
Montréal,Outremont,Single Family,5,2,1556,10880.0,1988,no,yes,2025,688000
Candiac,Candiac Centre,Single Family,4,3,1119,4467.0,1962,yes,yes,2025,486000
Repentigny,Le Gardeur,Single Family,4,2,1838,9326.0,1979,no,yes,2025,1046000
Québec,Sillery,Duplex,5,3,2078,3334.0,1964,yes,yes,2023,495000
Saint-Jean-sur-Richelieu,Centre-Ville,Duplex,5,2,1646,4670.0,1979,yes,yes,2023,360000
Longueuil,Le Vieux-Longueuil,Single Family,4,3,1226,6642.0,1957,yes,yes,2025,603000
Trois-Rivières,Trois-Rivières-Ouest,Bungalow,3,2,1016,6503.0,2005,yes,yes,2024,339000
Brossard,Secteur B,Townhouse,3,3,1144,4306.0,2017,no,yes,2022,388000
Sherbrooke,Centre-Ville,Single Family,3,3,1269,6298.0,2008,yes,no,2025,414000
Terrebonne,La Plaine,Single Family,6,3,1278,4606.0,1986,yes,yes,2024,585000
Repentigny,Le Gardeur,Townhouse,3,2,1269,2437.0,2023,yes,yes,2024,510000
Saint-Jean-sur-Richelieu,Centre-Ville,Single Family,4,3,1524,5104.0,1989,yes,yes,2024,474000
Montréal,LaSalle,Duplex,5,3,1193,3956.0,1958,yes,yes,2024,523000
Boucherville,Boucherville Centre,Single Family,5,4,1529,5801.0,2008,no,yes,2023,600000
Montréal,Plateau-Mont-Royal,Triplex,8,6,2789,5241.0,1948,no,yes,2024,953000
Laval,Fabreville,Single Family,4,3,1219,10099.0,1957,no,no,2023,502000
Châteauguay,Centre-Ville,Single Family,4,3,1865,8204.0,2021,yes,yes,2022,382000
Rimouski,Rimouski Centre,Single Family,4,2,1670,6817.0,1963,yes,no,2025,296000
Laval,Duvernay,Triplex,7,4,1792,4748.0,2009,yes,yes,2022,773000
Montréal,Lachine,Bungalow,2,1,1214,7520.0,1974,yes,yes,2025,728000
Mirabel,Saint-Canut,Duplex,6,3,1587,6415.0,2002,yes,yes,2024,583000
Repentigny,Repentigny Centre,Duplex,5,3,1802,4801.0,2016,yes,yes,2023,623000
Brossard,Secteur B,Triplex,6,4,2456,4918.0,1973,no,yes,2023,1021000
Québec,Charlesbourg,Single Family,4,3,1194,7438.0,1985,yes,yes,2022,315000
Québec,Beauport,Bungalow,3,1,1055,7400.0,1903,no,yes,2023,337000
Dollard-des-Ormeaux,West Island,Single Family,5,2,1517,5477.0,1966,yes,yes,2022,571000
Châteauguay,Centre-Ville,Single Family,5,3,1027,5462.0,2021,yes,yes,2024,341000
Pointe-Claire,West Island,Single Family,3,2,1906,12924.0,2012,yes,no,2025,1067000
Québec,Beauport,Single Family,3,3,954,7516.0,1995,yes,yes,2023,368000
Saguenay,La Baie,Single Family,5,1,1152,11439.0,2008,yes,no,2024,319000
Rouyn-Noranda,Rouyn Centre,Single Family,5,2,1297,6387.0,2011,yes,yes,2021,368000
Drummondville,Saint-Charles,Single Family,5,1,957,4609.0,1995,yes,yes,2022,263000
Montréal,Verdun,Single Family,4,2,1563,9117.0,1900,yes,yes,2022,472000
Lévis,Charny,Townhouse,3,2,1038,3621.0,1986,yes,no,2024,312000
Longueuil,Vieux-Longueuil,Townhouse,3,2,1167,3055.0,1989,yes,yes,2025,485000
Vaudreuil-Dorion,Centre-Ville,Single Family,5,3,1071,11228.0,1993,yes,yes,2025,487000
Montréal,Verdun,Triplex,4,5,1964,4475.0,1938,yes,no,2023,644000
Laval,Sainte-Dorothée,Single Family,3,4,1432,10845.0,1975,no,no,2022,497000
Terrebonne,La Plaine,Bungalow,3,2,1060,3902.0,1986,no,no,2021,531000
Terrebonne,La Plaine,Duplex,4,3,1698,5680.0,2007,yes,yes,2024,584000
Drummondville,Saint-Charles,Duplex,4,3,1551,4913.0,1969,yes,yes,2024,328000
Longueuil,Vieux-Longueuil,Single Family,4,4,1636,4411.0,1966,yes,yes,2022,598000
Brossard,Secteur C,Duplex,4,3,1799,6446.0,1985,yes,yes,2024,618000
Candiac,Candiac Centre,Single Family,3,2,1537,4019.0,1990,no,yes,2021,392000
Laval,Vimont,Triplex,7,4,2117,3952.0,1986,yes,yes,2024,935000
Châteauguay,Centre-Ville,Duplex,6,4,1387,4924.0,1956,yes,yes,2022,300000
Laval,Sainte-Dorothée,Single Family,3,2,1330,4312.0,1958,yes,yes,2024,532000
Candiac,Candiac Centre,Single Family,4,2,1776,6447.0,2009,yes,yes,2023,632000
Saint-Jean-sur-Richelieu,Iberville,Single Family,6,3,1371,6767.0,2010,yes,yes,2025,388000
Montréal,Pointe-aux-Trembles,Bungalow,4,2,1035,4590.0,1977,yes,yes,2023,466000
Longueuil,Greenfield Park,Single Family,5,3,1834,5836.0,2012,yes,yes,2024,726000
Longueuil,Greenfield Park,Townhouse,3,2,1181,3944.0,1985,yes,no,2025,534000
Trois-Rivières,Trois-Rivières-Ouest,Duplex,6,3,1900,6292.0,1970,no,yes,2023,354000
Montréal,Saint-Léonard,Triplex,5,3,2031,5867.0,1995,yes,yes,2023,911000
Brossard,Secteur C,Single Family,3,2,2083,7942.0,2018,yes,no,2021,792000
Québec,Charlesbourg,Single Family,4,2,2063,8443.0,1978,yes,yes,2024,568000
Sherbrooke,Fleurimont,Duplex,6,3,1736,2874.0,1970,yes,yes,2021,384000
Montréal,Villeray,Single Family,4,2,820,11262.0,2008,yes,yes,2022,451000
Victoriaville,Centre-Ville,Single Family,5,3,1608,7268.0,1965,yes,yes,2024,488000
Québec,Sillery,Single Family,3,3,1432,3945.0,1970,yes,yes,2025,515000
Laval,Vimont,Single Family,4,3,1896,10744.0,1958,yes,no,2025,833000
Longueuil,Le Vieux-Longueuil,Single Family,5,2,1799,5746.0,1989,yes,yes,2023,794000
Montréal,Ahuntsic,Duplex,5,3,1867,6256.0,2010,yes,yes,2023,763000
Saint-Jérôme,Centre-Ville,Bungalow,4,2,1157,6349.0,2017,yes,yes,2021,369000
Mirabel,Sainte-Monique,Bungalow,4,1,1157,3888.0,1958,yes,yes,2023,385000
Trois-Rivières,Centre-Ville,Triplex,5,6,2892,4905.0,1955,yes,yes,2024,666000
Sherbrooke,Centre-Ville,Single Family,4,4,1374,6719.0,2001,yes,yes,2024,490000
Saint-Bruno-de-Montarville,Centre-Ville,Duplex,5,3,1663,4821.0,1994,yes,no,2025,781000
Repentigny,Le Gardeur,Single Family,5,3,1644,5659.0,1985,yes,yes,2023,629000
Brossard,Secteur B,Single Family,3,4,1548,5313.0,1962,yes,no,2024,561000
Québec,Beauport,Single Family,6,2,1000,7146.0,1987,yes,yes,2022,267000
Brossard,Secteur A,Duplex,4,3,1620,4101.0,1980,yes,no,2023,482000
Sherbrooke,Lennoxville,Townhouse,3,1,788,2136.0,1987,yes,no,2025,335000
Repentigny,Le Gardeur,Bungalow,2,1,1057,4649.0,1965,no,yes,2023,581000
Québec,Sillery,Single Family,5,3,1622,5186.0,1982,yes,yes,2021,369000
Montréal,Pointe-aux-Trembles,Bungalow,4,2,1063,6112.0,1912,no,yes,2023,465000
Terrebonne,La Plaine,Single Family,4,3,1671,10167.0,1955,yes,yes,2023,699000
Montréal,Outremont,Single Family,4,2,1325,8621.0,1952,yes,yes,2024,488000
Montréal,Pointe-aux-Trembles,Single Family,4,2,1398,3622.0,2004,yes,no,2023,387000
Repentigny,Le Gardeur,Single Family,4,3,868,4895.0,1996,no,yes,2022,431000
Sherbrooke,Rock Forest,Single Family,5,3,1961,8005.0,1967,yes,yes,2025,631000
Gatineau,Gatineau Centre,Single Family,5,2,1276,8558.0,1976,yes,yes,2024,663000
Pointe-Claire,West Island,Single Family,3,2,1740,8468.0,2001,yes,no,2022,615000
Vaudreuil-Dorion,Centre-Ville,Townhouse,4,2,1139,3746.0,1961,yes,yes,2024,395000
Montréal,Pointe-aux-Trembles,Single Family,4,2,973,6459.0,2015,no,yes,2025,476000
Brossard,Secteur A,Single Family,3,2,1382,6086.0,1960,yes,yes,2022,525000
Québec,Lebourgneuf,Triplex,5,6,2337,5778.0,2022,yes,no,2023,615000
Candiac,Candiac Centre,Duplex,4,4,1578,4389.0,1996,yes,yes,2022,502000
Montréal,Outremont,Townhouse,3,2,1281,2560.0,1978,yes,yes,2024,410000
Montréal,LaSalle,Single Family,4,3,1783,10375.0,1903,yes,yes,2021,554000
Gatineau,Hull,Single Family,6,1,1836,4587.0,1957,yes,yes,2025,806000
Granby,Centre-Ville,Townhouse,3,2,1143,3528.0,1972,yes,yes,2022,338000
Terrebonne,Terrebonne Ouest,Single Family,4,3,1250,6196.0,1987,yes,no,2022,555000
Sherbrooke,Rock Forest,Single Family,2,4,1531,9347.0,1969,yes,yes,2025,583000
Montréal,Hochelaga-Maisonneuve,Triplex,6,4,2545,4929.0,1964,no,yes,2025,1417000
Boucherville,Boucherville Centre,Single Family,5,4,1488,5333.0,2009,no,yes,2023,588000
Boucherville,Boucherville Centre,Single Family,3,4,1518,7062.0,1997,yes,no,2025,785000
Val-d'Or,Val-d'Or Centre,Single Family,4,2,950,11006.0,1958,yes,no,2024,220000
Québec,Val-Bélair,Single Family,2,2,1663,11018.0,1990,yes,yes,2024,464000
Montréal,Mercier,Single Family,4,2,1467,9020.0,1965,no,no,2023,529000
Québec,Charlesbourg,Townhouse,3,3,1197,2804.0,1927,yes,yes,2025,368000
Boucherville,Boucherville Centre,Townhouse,3,2,1200,2911.0,1996,yes,no,2024,441000
Québec,Vanier,Townhouse,2,3,1265,2517.0,1985,yes,yes,2025,406000
Québec,Vanier,Single Family,4,4,1652,5356.0,2020,yes,yes,2025,525000
Montréal,Pointe-aux-Trembles,Single Family,4,3,1100,7691.0,1900,yes,yes,2021,430000
Baie-Comeau,Baie-Comeau Centre,Single Family,5,2,1955,10534.0,1968,yes,yes,2022,210000
Laval,Pont-Viau,Single Family,4,2,1905,7268.0,1962,yes,yes,2025,629000
Brossard,Secteur C,Duplex,5,2,1686,5258.0,2013,no,yes,2022,533000
Boucherville,Boucherville Centre,Single Family,3,3,1581,4928.0,1994,yes,yes,2024,588000
Montréal,Ahuntsic,Single Family,5,2,1244,7211.0,1931,yes,yes,2025,658000
Québec,Beauport,Single Family,4,3,1718,9235.0,2013,yes,no,2023,405000
Blainville,Blainville Centre,Single Family,3,2,1574,8762.0,1956,yes,no,2022,457000
Sherbrooke,Fleurimont,Single Family,4,3,1661,5501.0,1980,yes,no,2023,383000
Victoriaville,Centre-Ville,Townhouse,3,2,957,3646.0,2016,yes,yes,2024,355000
Montréal,Rosemont,Single Family,2,4,1159,9134.0,1949,no,yes,2022,497000
Saint-Jérôme,Centre-Ville,Single Family,4,3,1111,13822.0,2016,no,yes,2025,475000
Montréal,Villeray,Single Family,3,4,1182,5031.0,2012,yes,yes,2025,579000
Boucherville,Boucherville Centre,Duplex,5,3,1984,5582.0,1993,yes,yes,2023,593000
Montréal,Verdun,Single Family,6,3,1354,10784.0,1968,no,yes,2022,472000
Trois-Rivières,Trois-Rivières-Ouest,Townhouse,3,1,1069,3345.0,1977,yes,yes,2024,267000
Québec,Lebourgneuf,Single Family,4,2,1371,7082.0,1943,yes,yes,2023,436000
Granby,Centre-Ville,Triplex,6,4,2601,3988.0,1972,yes,yes,2024,874000
Longueuil,Greenfield Park,Triplex,6,4,2156,4527.0,2006,yes,no,2025,1025000
Laval,Vimont,Single Family,4,2,1352,7078.0,2002,yes,yes,2025,610000
Gatineau,Buckingham,Single Family,2,3,1533,6727.0,1993,yes,yes,2021,443000
Laval,Chomedey,Townhouse,3,2,1128,2326.0,1991,yes,yes,2021,332000
Longueuil,Greenfield Park,Townhouse,4,2,1230,2626.0,1974,yes,yes,2022,413000
Pointe-Claire,West Island,Townhouse,3,2,983,2569.0,1995,yes,yes,2024,398000
Brossard,Secteur A,Triplex,7,5,2405,3715.0,1991,yes,yes,2022,863000
Dollard-des-Ormeaux,West Island,Single Family,4,1,1904,10847.0,1972,yes,yes,2025,930000
Québec,Charlesbourg,Single Family,4,3,1658,7426.0,1926,yes,yes,2025,418000
Blainville,Blainville Centre,Triplex,6,6,2313,3380.0,1998,yes,no,2024,761000
Longueuil,Le Vieux-Longueuil,Bungalow,3,1,1209,7620.0,1971,yes,yes,2024,586000
Montréal,Verdun,Single Family,4,2,1668,6187.0,1991,no,yes,2025,672000
Boucherville,Boucherville Centre,Duplex,5,3,1563,6645.0,1991,yes,yes,2023,544000
Saint-Jean-sur-Richelieu,Iberville,Single Family,4,1,1308,8392.0,1998,yes,yes,2022,314000
Alma,Alma Centre,Townhouse,3,2,925,2736.0,1987,no,yes,2024,196000
Québec,Beauport,Duplex,6,3,1914,5299.0,1974,yes,yes,2023,456000
Laval,Vimont,Single Family,4,2,1540,9461.0,1998,yes,yes,2022,556000
Gatineau,Hull,Townhouse,4,2,1266,3998.0,2022,yes,yes,2024,452000
Terrebonne,Lachenaie,Single Family,5,4,1339,12582.0,1984,yes,yes,2023,742000
Québec,Val-Bélair,Single Family,5,2,1880,7999.0,1957,yes,yes,2023,412000
Saguenay,La Baie,Bungalow,3,1,1290,4605.0,2023,yes,yes,2024,371000
Vaudreuil-Dorion,Centre-Ville,Single Family,4,1,1032,9525.0,2012,no,no,2024,465000
Pointe-Claire,West Island,Single Family,4,2,1666,8265.0,2008,yes,yes,2021,569000
Montréal,Mercier,Single Family,6,2,1924,8747.0,1901,no,yes,2024,896000
Vaudreuil-Dorion,Centre-Ville,Single Family,4,3,1546,5596.0,1958,yes,yes,2024,539000
Laval,Pont-Viau,Single Family,3,4,1671,4641.0,1997,no,yes,2023,626000
Brossard,Secteur A,Townhouse,2,1,1292,3650.0,2014,yes,yes,2023,420000
Brossard,Solar Uniquartier,Single Family,4,3,916,5973.0,1995,yes,yes,2024,525000
Rimouski,Rimouski Centre,Single Family,4,3,1709,6268.0,1959,no,yes,2025,281000
Saint-Jean-sur-Richelieu,Centre-Ville,Single Family,4,3,1017,7838.0,1995,yes,yes,2025,409000
Montréal,Plateau-Mont-Royal,Single Family,4,4,1462,8189.0,2001,yes,no,2024,610000
Longueuil,Vieux-Longueuil,Single Family,4,2,1751,10560.0,1994,no,yes,2022,568000
Montréal,Ahuntsic,Single Family,3,3,1755,6397.0,1937,yes,yes,2022,465000
Repentigny,Repentigny Centre,Single Family,3,3,1168,4071.0,2021,yes,yes,2022,557000
Brossard,Solar Uniquartier,Single Family,5,3,1390,7848.0,2002,no,yes,2021,449000
Mirabel,Sainte-Monique,Townhouse,3,3,1163,2350.0,1960,yes,yes,2023,304000
Repentigny,Le Gardeur,Single Family,3,3,1514,8378.0,2005,no,no,2023,619000
Saint-Jérôme,Bellefeuille,Triplex,7,5,2712,3630.0,1973,yes,no,2025,745000
Terrebonne,Lachenaie,Single Family,6,3,1608,6599.0,2019,yes,yes,2025,861000
Québec,Lebourgneuf,Duplex,4,2,1734,4632.0,1977,yes,no,2025,367000
Repentigny,Repentigny Centre,Single Family,5,3,1201,5840.0,1979,yes,yes,2022,502000
Montréal,Outremont,Duplex,5,3,1495,3560.0,1927,yes,yes,2025,758000
Repentigny,Le Gardeur,Townhouse,3,2,1085,1821.0,2019,yes,yes,2025,695000
Blainville,Blainville Centre,Single Family,4,2,1405,8234.0,2020,yes,yes,2021,360000
Lévis,Saint-Nicolas,Single Family,6,2,1683,3744.0,1980,no,yes,2023,401000
Montréal,LaSalle,Single Family,4,2,948,4502.0,1959,no,no,2022,362000
Terrebonne,Lachenaie,Duplex,4,3,1428,3801.0,1981,no,yes,2024,597000
Lévis,Lévis Centre,Triplex,8,6,2132,7094.0,1986,yes,no,2023,605000
Longueuil,Le Vieux-Longueuil,Single Family,4,1,1679,6030.0,1989,yes,yes,2023,647000
Montréal,Saint-Léonard,Townhouse,4,2,1020,3612.0,1908,yes,yes,2025,413000
Brossard,Solar Uniquartier,Bungalow,3,1,930,6223.0,2015,yes,yes,2024,536000
Québec,Sainte-Foy,Townhouse,3,2,1113,3477.0,1910,yes,yes,2023,252000
Boucherville,Boucherville Centre,Single Family,3,3,1636,6644.0,1959,yes,yes,2025,726000
Sept-Îles,Sept-Îles Centre,Single Family,4,2,1566,6075.0,1986,yes,no,2025,229000
Québec,Lebourgneuf,Townhouse,3,2,912,3583.0,1933,no,yes,2021,190000
Saint-Bruno-de-Montarville,Centre-Ville,Single Family,4,3,1646,6561.0,1959,yes,yes,2023,776000
Drummondville,Saint-Charles,Triplex,4,5,2255,5738.0,2016,yes,yes,2025,609000
Repentigny,Le Gardeur,Single Family,5,2,1463,6852.0,1983,yes,yes,2023,689000
Vaudreuil-Dorion,Centre-Ville,Single Family,5,3,2002,9814.0,2005,no,yes,2025,660000
Saguenay,Jonquière,Triplex,5,4,2231,4240.0,1992,no,yes,2023,424000
Vaudreuil-Dorion,Centre-Ville,Single Family,3,3,1124,7320.0,1973,yes,yes,2023,441000
Longueuil,Vieux-Longueuil,Single Family,4,3,1398,8067.0,1960,yes,no,2025,797000
Sept-Îles,Sept-Îles Centre,Single Family,5,3,1492,6196.0,1999,yes,no,2025,232000
Laval,Vimont,Townhouse,4,2,1211,2832.0,1984,yes,yes,2021,435000
Brossard,Solar Uniquartier,Duplex,4,3,1923,5369.0,1994,yes,yes,2023,586000
Montréal,Ville-Marie,Single Family,3,3,1544,12110.0,1996,yes,yes,2023,642000
Québec,Lebourgneuf,Townhouse,3,2,795,3230.0,1972,no,yes,2022,183000
Québec,Sillery,Single Family,4,2,1836,3753.0,1991,no,yes,2023,346000
Montréal,LaSalle,Townhouse,3,1,789,2532.0,1979,yes,no,2025,386000
Gatineau,Aylmer,Single Family,4,3,1016,5707.0,1969,yes,yes,2022,409000
Lévis,Saint-Nicolas,Single Family,4,3,1245,10182.0,1980,yes,yes,2024,441000
Laval,Pont-Viau,Single Family,6,3,1560,4292.0,1967,no,no,2022,535000
Blainville,Blainville Centre,Single Family,2,3,1776,10573.0,1969,yes,yes,2024,522000
Saint-Jean-sur-Richelieu,Centre-Ville,Single Family,4,3,960,9486.0,1965,yes,yes,2025,335000
Longueuil,Le Vieux-Longueuil,Single Family,3,2,1699,4327.0,1960,yes,yes,2022,559000
Sherbrooke,Centre-Ville,Single Family,5,2,1512,11009.0,1990,yes,no,2022,401000
Blainville,Blainville Centre,Single Family,4,3,1659,5804.0,1957,yes,yes,2024,479000
Repentigny,Repentigny Centre,Single Family,3,2,915,9528.0,1978,no,no,2023,445000
Gatineau,Buckingham,Single Family,6,1,1332,7917.0,2001,yes,yes,2022,439000
Candiac,Candiac Centre,Duplex,5,3,1898,4616.0,2002,yes,yes,2023,577000
Terrebonne,Lachenaie,Townhouse,3,2,1346,2310.0,2001,no,yes,2025,502000
Rouyn-Noranda,Rouyn Centre,Triplex,6,4,2821,5535.0,2002,yes,yes,2023,671000
Brossard,Solar Uniquartier,Single Family,3,2,1729,9884.0,1997,yes,yes,2024,711000
Québec,Beauport,Triplex,7,6,2094,3545.0,2016,yes,yes,2022,540000
Laval,Sainte-Dorothée,Single Family,6,2,1933,9415.0,2010,yes,yes,2024,719000
Québec,Limoilou,Duplex,4,3,1409,2840.0,1949,yes,yes,2021,346000
Québec,Sillery,Single Family,5,3,1657,8106.0,1942,no,yes,2021,323000
Saint-Jean-sur-Richelieu,Iberville,Single Family,4,2,1093,6481.0,1997,no,yes,2023,298000
Gatineau,Hull,Single Family,5,3,1606,6866.0,1981,yes,yes,2025,591000
Longueuil,Greenfield Park,Single Family,5,2,1792,8754.0,2013,yes,yes,2022,649000
Montréal,Ahuntsic,Single Family,5,2,1544,13512.0,1910,no,no,2022,482000
Gatineau,Aylmer,Single Family,4,3,1337,3366.0,1995,yes,yes,2024,530000
Montréal,LaSalle,Single Family,4,2,1334,4556.0,1948,yes,yes,2025,640000
Montréal,Outremont,Single Family,3,3,1658,5038.0,2006,no,no,2021,425000
Montréal,Plateau-Mont-Royal,Single Family,4,2,1293,6347.0,1996,yes,yes,2024,547000
Trois-Rivières,Cap-de-la-Madeleine,Single Family,4,3,1289,10052.0,1980,yes,yes,2021,288000
Brossard,Solar Uniquartier,Single Family,3,3,1398,7224.0,1997,yes,yes,2025,711000
Québec,Vanier,Duplex,5,3,1989,4504.0,1962,yes,yes,2023,436000
Québec,Limoilou,Townhouse,3,3,1218,3344.0,1959,no,yes,2024,276000
Québec,Vanier,Single Family,6,3,1537,5243.0,1921,yes,yes,2023,322000
Saint-Bruno-de-Montarville,Centre-Ville,Duplex,5,4,1203,5372.0,2020,yes,yes,2021,408000
Longueuil,Le Vieux-Longueuil,Triplex,6,5,2644,4986.0,2010,yes,yes,2022,1171000
Vaudreuil-Dorion,Centre-Ville,Townhouse,3,2,958,2680.0,1970,yes,yes,2025,377000
Laval,Duvernay,Triplex,6,5,2721,3716.0,2004,yes,yes,2025,1214000
Longueuil,Saint-Hubert,Single Family,4,3,1136,11199.0,1984,yes,no,2025,529000
Saint-Jean-sur-Richelieu,Iberville,Single Family,4,3,1561,4112.0,2018,yes,no,2023,341000
Saint-Bruno-de-Montarville,Centre-Ville,Single Family,4,1,1580,8433.0,2003,yes,yes,2023,641000
Montréal,NDG,Single Family,3,2,1506,7830.0,1985,yes,yes,2025,703000
Châteauguay,Centre-Ville,Single Family,4,2,1506,9475.0,1984,yes,no,2025,454000
Longueuil,Le Vieux-Longueuil,Duplex,3,3,1839,5751.0,1962,no,no,2022,569000
Val-d'Or,Val-d'Or Centre,Single Family,4,2,1561,7334.0,2016,yes,yes,2025,304000
Mirabel,Sainte-Monique,Bungalow,3,2,801,4588.0,1978,yes,yes,2025,366000
Gatineau,Buckingham,Single Family,5,2,1491,3950.0,2007,yes,no,2024,648000
Montréal,Villeray,Single Family,5,2,1629,4896.0,1984,no,yes,2025,605000
Laval,Fabreville,Single Family,5,3,1779,6275.0,1974,yes,yes,2024,802000
Gatineau,Buckingham,Single Family,4,3,1585,9990.0,1958,yes,yes,2021,483000
Mirabel,Sainte-Monique,Single Family,6,3,1729,8204.0,1964,no,yes,2023,460000
Montréal,Ahuntsic,Single Family,3,2,1523,9447.0,1909,no,yes,2025,683000
Dollard-des-Ormeaux,West Island,Triplex,5,5,2504,4198.0,2007,yes,yes,2022,812000
Québec,Sainte-Foy,Single Family,4,3,1710,9749.0,1938,yes,yes,2024,448000
Montréal,Ahuntsic,Single Family,5,1,1599,10100.0,1916,yes,no,2023,505000
Terrebonne,Terrebonne Ouest,Duplex,4,3,2077,5290.0,1972,no,yes,2023,614000
Montréal,Outremont,Single Family,2,3,1541,6349.0,2009,no,yes,2022,512000
Montréal,Outremont,Single Family,4,3,1444,4576.0,1902,yes,no,2022,472000
Saint-Jean-sur-Richelieu,Iberville,Single Family,5,2,1143,4836.0,1977,yes,no,2021,317000
Repentigny,Repentigny Centre,Single Family,4,1,1465,6596.0,1996,yes,yes,2025,670000
Montréal,Outremont,Single Family,3,2,1249,6894.0,2018,yes,yes,2025,677000
Brossard,Secteur A,Townhouse,3,2,1127,2079.0,1997,yes,no,2021,305000
Trois-Rivières,Trois-Rivières-Ouest,Single Family,4,2,1683,10482.0,1995,yes,yes,2023,403000
Châteauguay,Centre-Ville,Duplex,5,3,1394,6577.0,2011,yes,yes,2021,276000
Terrebonne,Lachenaie,Townhouse,3,2,1106,3392.0,1958,yes,yes,2022,449000
Québec,Beauport,Duplex,4,4,1785,6189.0,1907,no,yes,2024,341000
Laval,Fabreville,Townhouse,3,1,904,2902.0,2018,no,yes,2025,453000
Laval,Vimont,Single Family,4,2,1570,4204.0,2021,yes,yes,2025,810000
Laval,Sainte-Dorothée,Triplex,5,5,2432,5087.0,2016,yes,yes,2025,1128000
Brossard,Secteur C,Single Family,2,2,1345,8142.0,1956,yes,yes,2025,686000
Québec,Sainte-Foy,Townhouse,3,2,918,3089.0,2001,yes,yes,2023,311000
Longueuil,Saint-Hubert,Single Family,5,3,1483,7074.0,2021,yes,yes,2022,798000
Brossard,Secteur A,Duplex,4,4,1756,4171.0,1995,no,yes,2022,591000
Gatineau,Hull,Single Family,5,1,1303,3540.0,1986,yes,yes,2023,501000
Laval,Fabreville,Single Family,3,2,1047,4241.0,2017,yes,no,2025,523000
Trois-Rivières,Centre-Ville,Single Family,3,1,1560,8965.0,2012,yes,yes,2024,389000
Longueuil,Vieux-Longueuil,Bungalow,3,2,819,3677.0,1995,yes,yes,2025,553000
Baie-Comeau,Baie-Comeau Centre,Single Family,4,3,1812,5652.0,1994,no,yes,2023,191000
Sherbrooke,Fleurimont,Single Family,4,2,1316,9289.0,2014,no,yes,2024,371000
Drummondville,Saint-Charles,Single Family,4,2,1392,6364.0,2022,yes,yes,2024,385000
Laval,Vimont,Single Family,4,2,1573,6430.0,1980,yes,yes,2024,674000
Laval,Duvernay,Duplex,6,3,1798,3381.0,1993,yes,no,2022,734000
Québec,Charlesbourg,Townhouse,4,2,1182,3623.0,1960,yes,yes,2024,342000
Sherbrooke,Fleurimont,Single Family,4,3,1016,10706.0,2011,yes,yes,2021,290000
Laval,Vimont,Bungalow,3,1,920,4609.0,1985,yes,no,2023,470000
Laval,Duvernay,Single Family,4,2,1643,10612.0,1966,yes,yes,2021,572000
Laval,Duvernay,Single Family,4,2,1587,4103.0,2009,yes,yes,2025,750000
Mirabel,Sainte-Monique,Townhouse,3,2,951,2803.0,1958,yes,yes,2025,367000
Saint-Jean-sur-Richelieu,Centre-Ville,Triplex,5,4,2076,5223.0,2009,no,no,2023,508000
Montréal,Ahuntsic,Triplex,6,6,2054,4465.0,1994,yes,yes,2024,1096000
Montréal,Saint-Léonard,Bungalow,3,2,1252,5522.0,2001,no,yes,2024,652000
Montréal,Outremont,Single Family,4,3,1368,12958.0,2010,no,yes,2024,585000
Gatineau,Hull,Duplex,4,4,1386,4046.0,2005,no,yes,2023,512000
Brossard,Secteur A,Single Family,4,1,1566,12341.0,1991,yes,yes,2022,599000
Montréal,Saint-Léonard,Triplex,6,6,2375,6011.0,1929,yes,yes,2024,1195000
Granby,Centre-Ville,Single Family,2,3,1849,7731.0,1986,yes,yes,2024,720000
Lévis,Lévis Centre,Townhouse,3,2,1268,3530.0,1964,no,yes,2024,334000
Brossard,Secteur A,Townhouse,2,2,1229,2321.0,2002,yes,no,2021,342000
Lévis,Charny,Triplex,5,4,1973,6173.0,2013,yes,no,2023,532000
Blainville,Blainville Centre,Single Family,3,4,1146,6517.0,2006,yes,no,2024,457000
Drummondville,Saint-Charles,Duplex,3,3,1446,4427.0,1983,no,yes,2023,245000
Granby,Centre-Ville,Townhouse,4,3,848,2722.0,1979,yes,yes,2023,344000
Laval,Sainte-Dorothée,Single Family,5,2,1548,8031.0,1993,yes,no,2021,490000
Laval,Pont-Viau,Townhouse,3,3,1186,1570.0,1995,yes,yes,2024,453000
Gatineau,Gatineau Centre,Triplex,5,6,2728,7765.0,1972,yes,yes,2023,773000
Lévis,Lévis Centre,Bungalow,3,2,831,7006.0,2005,yes,yes,2025,328000
Gatineau,Hull,Duplex,6,2,1539,4596.0,1972,yes,yes,2024,596000
Sherbrooke,Centre-Ville,Single Family,5,2,1766,8766.0,1986,yes,yes,2022,444000
Sherbrooke,Lennoxville,Townhouse,2,2,1077,2145.0,1997,no,yes,2023,283000
Québec,Sillery,Single Family,5,3,1204,3806.0,1961,no,yes,2025,392000
Montréal,Pointe-aux-Trembles,Single Family,3,3,1611,11014.0,1982,yes,yes,2022,647000
Rimouski,Rimouski Centre,Single Family,5,3,1216,10568.0,1962,yes,yes,2023,232000
Trois-Rivières,Trois-Rivières-Ouest,Single Family,4,2,1728,10082.0,1984,no,yes,2025,485000
Dollard-des-Ormeaux,West Island,Single Family,3,2,1579,3407.0,1970,no,yes,2022,494000
Châteauguay,Centre-Ville,Bungalow,3,2,960,7703.0,1993,yes,yes,2025,342000
Trois-Rivières,Cap-de-la-Madeleine,Single Family,2,4,1752,5008.0,1957,no,no,2024,328000
Québec,Beauport,Single Family,5,3,1079,5762.0,1994,yes,yes,2024,360000
Candiac,Candiac Centre,Triplex,7,4,2454,5790.0,1974,no,yes,2024,861000
Dollard-des-Ormeaux,West Island,Bungalow,3,2,1040,4123.0,2017,yes,yes,2022,474000
Montréal,Plateau-Mont-Royal,Single Family,4,4,1648,11860.0,1983,yes,yes,2024,669000
Montréal,Hochelaga-Maisonneuve,Single Family,3,3,1205,11307.0,1952,yes,yes,2022,377000
Saint-Jérôme,Bellefeuille,Single Family,3,1,1853,6164.0,1960,no,yes,2024,428000
Québec,Lebourgneuf,Single Family,2,2,1610,6982.0,1974,yes,yes,2024,455000
Québec,Vanier,Duplex,6,3,1328,4363.0,1959,yes,yes,2022,362000
Granby,Centre-Ville,Townhouse,4,2,1369,3068.0,1982,no,yes,2021,366000
Montréal,Ahuntsic,Single Family,4,3,2061,5285.0,1958,yes,yes,2022,699000
Montréal,Plateau-Mont-Royal,Single Family,4,3,1461,7533.0,2018,no,yes,2025,698000
Pointe-Claire,West Island,Single Family,5,3,1733,8429.0,2016,yes,yes,2022,644000
Québec,Sillery,Duplex,5,3,1588,4763.0,1904,yes,yes,2023,429000
Saguenay,Jonquière,Single Family,5,2,1654,4174.0,1965,yes,yes,2021,235000
Sherbrooke,Centre-Ville,Single Family,5,3,1398,5887.0,1981,yes,yes,2022,422000
Montréal,Verdun,Duplex,3,3,1849,5811.0,1949,yes,yes,2021,550000
Montréal,Saint-Léonard,Single Family,3,2,1781,5132.0,1976,yes,yes,2022,502000
Saint-Jean-sur-Richelieu,Centre-Ville,Duplex,4,3,1845,6471.0,1991,yes,yes,2024,408000
Repentigny,Repentigny Centre,Single Family,3,1,1583,10912.0,1996,yes,no,2021,528000
Repentigny,Repentigny Centre,Single Family,4,2,1233,14653.0,2002,yes,yes,2023,566000
Longueuil,Vieux-Longueuil,Duplex,5,2,2022,7519.0,1960,no,yes,2024,746000
Saint-Jérôme,Centre-Ville,Single Family,5,3,1592,4471.0,1994,yes,yes,2025,491000
Laval,Chomedey,Triplex,7,3,2133,4687.0,1969,yes,yes,2023,699000
Trois-Rivières,Centre-Ville,Single Family,5,2,1767,7415.0,1999,yes,yes,2025,495000
Rimouski,Rimouski Centre,Townhouse,4,2,1329,2364.0,2007,yes,yes,2024,207000
Drummondville,Centre-Ville,Duplex,4,3,1437,4725.0,1957,yes,yes,2023,299000
Brossard,Secteur C,Single Family,4,2,1757,9178.0,2001,yes,yes,2025,874000
Québec,Beauport,Single Family,4,3,1744,5949.0,2012,no,yes,2024,393000
Pointe-Claire,West Island,Bungalow,3,1,936,3903.0,1961,yes,yes,2025,616000
Saint-Jérôme,Centre-Ville,Single Family,3,3,1793,7126.0,2020,yes,yes,2022,399000
Laval,Pont-Viau,Duplex,5,3,1603,4126.0,1998,no,yes,2024,601000
Gatineau,Hull,Single Family,4,2,1428,9249.0,1987,yes,yes,2023,506000
Montréal,Lachine,Townhouse,4,2,930,2562.0,1988,yes,no,2025,426000
Montréal,Villeray,Triplex,6,4,2428,5782.0,2015,yes,yes,2023,1070000
Blainville,Blainville Centre,Single Family,5,3,2133,7712.0,1980,yes,yes,2025,676000
Terrebonne,La Plaine,Single Family,4,2,993,11086.0,1970,yes,yes,2021,446000
Blainville,Blainville Centre,Duplex,5,2,1618,4414.0,1987,yes,no,2024,473000
Saint-Jérôme,Centre-Ville,Townhouse,3,1,938,3581.0,1970,yes,no,2025,315000
Gatineau,Hull,Duplex,3,3,1808,3950.0,1962,no,no,2021,458000
Gatineau,Gatineau Centre,Single Family,5,3,1689,8200.0,1992,yes,no,2024,658000
Brossard,Secteur C,Townhouse,3,2,1158,1805.0,1963,no,yes,2024,398000
Longueuil,Saint-Hubert,Single Family,3,2,2042,6081.0,1984,yes,yes,2024,808000
Granby,Centre-Ville,Single Family,3,2,1190,6952.0,2015,yes,no,2022,441000
Laval,Chomedey,Single Family,5,2,2101,5263.0,2015,yes,yes,2024,781000
Québec,Vanier,Townhouse,3,1,1053,2132.0,1999,no,yes,2022,245000
Montréal,Outremont,Townhouse,3,2,1274,3496.0,1959,yes,yes,2023,371000
Québec,Lebourgneuf,Single Family,4,3,1675,6348.0,2015,yes,yes,2025,502000
Québec,Sillery,Townhouse,3,2,755,2585.0,2001,no,yes,2023,267000
Brossard,Secteur C,Single Family,5,2,1828,8492.0,2005,yes,no,2022,519000
Laval,Chomedey,Duplex,3,3,1867,5439.0,1956,yes,yes,2023,656000
Saint-Bruno-de-Montarville,Centre-Ville,Duplex,3,2,1770,5074.0,1963,yes,yes,2025,651000
Longueuil,Saint-Hubert,Single Family,3,4,938,6599.0,2022,yes,yes,2024,531000
Sherbrooke,Fleurimont,Townhouse,2,3,1232,3021.0,1972,yes,yes,2024,310000
Pointe-Claire,West Island,Single Family,4,4,1617,7945.0,1979,yes,yes,2025,796000
Longueuil,Vieux-Longueuil,Townhouse,3,1,1008,2851.0,1998,no,yes,2023,414000
Sherbrooke,Centre-Ville,Single Family,4,2,982,11651.0,1995,no,yes,2023,282000
Vaudreuil-Dorion,Centre-Ville,Triplex,7,5,1949,3379.0,2016,no,yes,2025,752000
Montréal,Rosemont,Single Family,4,3,1782,9674.0,1900,no,yes,2023,502000
Terrebonne,Lachenaie,Single Family,5,3,1715,5965.0,1996,yes,no,2024,609000
Blainville,Blainville Centre,Single Family,3,3,1585,6529.0,1976,yes,yes,2025,716000
Saguenay,Jonquière,Duplex,5,3,1587,3697.0,2021,yes,yes,2024,339000
Longueuil,Le Vieux-Longueuil,Single Family,5,2,1418,6128.0,2017,yes,yes,2025,756000
Repentigny,Le Gardeur,Single Family,3,2,1688,6268.0,1985,yes,yes,2021,559000
Rouyn-Noranda,Rouyn Centre,Triplex,5,4,2656,6318.0,1963,no,no,2024,623000
Sherbrooke,Rock Forest,Single Family,5,2,1364,4764.0,1969,yes,yes,2023,362000
Montréal,Mercier,Single Family,5,2,1551,8021.0,2015,no,yes,2023,629000
Terrebonne,Lachenaie,Single Family,3,4,1847,7585.0,2007,yes,yes,2023,813000
Montréal,Ville-Marie,Single Family,6,2,1340,8213.0,1948,yes,yes,2025,605000
Trois-Rivières,Trois-Rivières-Ouest,Duplex,5,3,1651,5537.0,2019,yes,no,2023,349000
Candiac,Candiac Centre,Townhouse,3,2,1106,2549.0,1991,yes,yes,2022,346000
Laval,Pont-Viau,Duplex,4,3,1818,5127.0,1998,yes,yes,2024,891000
Montréal,Mercier,Triplex,5,4,2033,4981.0,1962,no,yes,2025,1029000
Terrebonne,Lachenaie,Duplex,5,4,2191,4245.0,1997,yes,no,2023,803000
Montréal,Outremont,Single Family,5,2,2041,5878.0,1934,yes,yes,2022,660000
Blainville,Blainville Centre,Single Family,5,2,1110,4739.0,1955,yes,yes,2025,449000
Québec,Sainte-Foy,Townhouse,3,1,1219,3132.0,1909,yes,yes,2024,272000
Montréal,Villeray,Single Family,4,3,1517,9128.0,1997,no,no,2025,694000
Montréal,Saint-Léonard,Single Family,4,3,1817,4575.0,1947,no,yes,2022,552000
Longueuil,Saint-Hubert,Single Family,4,2,1327,9404.0,1982,yes,yes,2023,627000
Montréal,Villeray,Single Family,6,2,1760,8496.0,1955,no,yes,2024,664000
Québec,Charlesbourg,Single Family,4,3,1679,4974.0,1972,yes,no,2022,375000
Saguenay,Jonquière,Single Family,6,3,1826,8128.0,1999,yes,yes,2025,452000
Dollard-des-Ormeaux,West Island,Townhouse,2,2,1153,3298.0,1979,yes,no,2022,374000
Saint-Jean-sur-Richelieu,Iberville,Duplex,3,3,1707,5511.0,2020,yes,yes,2025,447000
Longueuil,Le Vieux-Longueuil,Triplex,5,5,2118,5166.0,1998,yes,yes,2023,850000
Montréal,Verdun,Townhouse,3,2,1083,2962.0,1937,yes,yes,2023,464000
Québec,Val-Bélair,Single Family,3,4,1122,12141.0,1918,yes,yes,2025,412000
Sherbrooke,Rock Forest,Triplex,6,3,1949,5598.0,1957,yes,yes,2024,695000
Laval,Vimont,Triplex,5,5,1861,5389.0,1991,yes,yes,2022,629000
Montréal,Plateau-Mont-Royal,Single Family,4,3,1783,6581.0,1902,no,yes,2025,698000
Lévis,Saint-Nicolas,Single Family,4,3,1366,6390.0,1970,yes,yes,2024,445000
Gatineau,Buckingham,Single Family,4,2,1620,10356.0,2015,yes,yes,2021,492000
Vaudreuil-Dorion,Centre-Ville,Single Family,5,2,2068,10097.0,2000,no,yes,2025,690000
Saguenay,La Baie,Single Family,3,2,1749,5931.0,1974,yes,yes,2022,281000
Montréal,Ville-Marie,Single Family,5,3,1510,9178.0,1959,no,yes,2021,419000
Dollard-des-Ormeaux,West Island,Single Family,4,1,1591,6650.0,1990,yes,yes,2021,461000
Montréal,Verdun,Single Family,3,3,1364,7970.0,2011,yes,no,2022,521000
Lévis,Saint-Nicolas,Bungalow,2,2,973,7666.0,2019,yes,yes,2022,347000
Laval,Sainte-Dorothée,Single Family,5,2,1080,12126.0,2010,yes,yes,2024,587000
Québec,Limoilou,Bungalow,3,2,987,7170.0,2019,yes,yes,2022,312000
Longueuil,Saint-Hubert,Single Family,5,2,1462,10000.0,2021,yes,yes,2025,728000
Québec,Val-Bélair,Single Family,4,3,1180,5794.0,1956,yes,yes,2023,318000
Repentigny,Le Gardeur,Single Family,4,3,1231,8648.0,1956,no,yes,2024,590000
Québec,Lebourgneuf,Single Family,2,3,1650,5841.0,1988,yes,yes,2022,385000
Montréal,Ville-Marie,Single Family,5,4,1235,5338.0,1951,yes,yes,2023,485000
Montréal,Saint-Léonard,Single Family,3,3,2124,8951.0,1956,no,yes,2024,652000
Gatineau,Gatineau Centre,Single Family,6,2,1108,8556.0,2008,yes,yes,2023,428000
Québec,Sillery,Single Family,3,4,1323,6056.0,1963,no,yes,2024,425000
Saint-Jean-sur-Richelieu,Centre-Ville,Single Family,2,2,1557,8805.0,2020,yes,yes,2025,516000
Dollard-des-Ormeaux,West Island,Single Family,5,3,1459,11129.0,1961,yes,yes,2024,720000
Brossard,Solar Uniquartier,Single Family,4,4,1512,9898.0,1971,no,yes,2023,664000
Brossard,Secteur A,Single Family,4,3,1566,4804.0,1975,yes,yes,2021,443000
Gatineau,Aylmer,Triplex,6,6,2449,4650.0,1966,yes,yes,2023,708000
Lévis,Lévis Centre,Duplex,5,3,1547,3417.0,1988,yes,yes,2022,412000
Lévis,Charny,Duplex,4,3,1500,4048.0,2023,yes,yes,2024,403000
Sherbrooke,Fleurimont,Duplex,4,2,1424,4749.0,1998,yes,no,2025,417000
Val-d'Or,Val-d'Or Centre,Single Family,3,2,1758,7942.0,2005,yes,yes,2025,293000
Sept-Îles,Sept-Îles Centre,Single Family,3,2,1281,5306.0,1979,yes,yes,2025,229000
Blainville,Blainville Centre,Single Family,4,2,2014,14562.0,1993,no,yes,2023,532000
Brossard,Secteur C,Single Family,5,4,964,3020.0,2005,yes,yes,2024,498000
Québec,Val-Bélair,Single Family,4,3,1524,7191.0,1972,yes,yes,2025,512000
Rimouski,Rimouski Centre,Townhouse,3,2,1061,3805.0,1972,yes,yes,2024,185000
Montréal,Ville-Marie,Duplex,5,4,1544,4747.0,1984,yes,yes,2021,528000
Lévis,Saint-Nicolas,Duplex,4,3,1435,3046.0,1979,yes,yes,2023,354000
Trois-Rivières,Centre-Ville,Single Family,4,3,1992,6694.0,1959,no,yes,2025,499000
Brossard,Solar Uniquartier,Single Family,4,2,1881,10152.0,1964,no,yes,2022,603000
Mirabel,Saint-Canut,Single Family,4,3,1678,4947.0,2012,yes,yes,2024,469000
Mirabel,Sainte-Monique,Duplex,4,3,1878,4837.0,2002,no,yes,2024,513000
Montréal,Mercier,Single Family,4,2,1655,9166.0,1990,yes,no,2025,620000
Montréal,Plateau-Mont-Royal,Single Family,4,4,1850,7552.0,2007,yes,yes,2024,684000
Boucherville,Boucherville Centre,Single Family,5,4,1507,8080.0,1961,yes,yes,2024,620000
Mirabel,Sainte-Monique,Single Family,4,2,1387,3678.0,1957,yes,yes,2025,482000
Victoriaville,Centre-Ville,Duplex,5,3,1626,2619.0,1980,no,no,2022,423000
Montréal,LaSalle,Single Family,4,4,1924,8457.0,2010,no,yes,2023,702000
Laval,Sainte-Dorothée,Duplex,5,3,1631,3208.0,1964,no,no,2023,444000
Québec,Sainte-Foy,Duplex,3,3,1385,4891.0,1901,yes,yes,2024,342000
Montréal,Pointe-aux-Trembles,Single Family,5,3,1243,11554.0,1976,no,no,2025,611000
Saguenay,Jonquière,Single Family,3,2,1322,8631.0,1995,yes,yes,2024,272000
Alma,Alma Centre,Single Family,5,3,1793,5441.0,1960,no,yes,2025,282000
Rimouski,Rimouski Centre,Single Family,5,3,1658,9106.0,1962,yes,yes,2021,277000
Montréal,LaSalle,Duplex,4,3,1702,4291.0,1984,yes,no,2023,742000
Saint-Jean-sur-Richelieu,Iberville,Single Family,4,3,1147,8749.0,2010,yes,yes,2025,444000
Trois-Rivières,Centre-Ville,Single Family,3,3,1708,10450.0,2007,yes,yes,2025,445000
Laval,Fabreville,Townhouse,3,3,1023,3912.0,1995,yes,no,2025,512000
Montréal,Verdun,Single Family,4,4,1075,7509.0,1959,yes,yes,2025,592000
Laval,Sainte-Dorothée,Single Family,6,1,1414,9857.0,1958,no,yes,2022,427000
Montréal,Rosemont,Single Family,5,2,1272,5705.0,1934,yes,yes,2022,371000
Montréal,Ville-Marie,Single Family,5,3,1457,6859.0,1958,yes,yes,2025,716000
Saint-Jean-sur-Richelieu,Centre-Ville,Single Family,3,3,1460,6528.0,2000,yes,yes,2023,324000
Québec,Vanier,Triplex,8,4,2250,5788.0,2010,no,yes,2024,591000
Sherbrooke,Rock Forest,Single Family,3,2,1866,8961.0,1999,yes,yes,2025,533000
Trois-Rivières,Cap-de-la-Madeleine,Single Family,5,3,1536,7173.0,2020,yes,yes,2024,417000
Gatineau,Hull,Single Family,4,2,860,4278.0,1955,yes,yes,2024,486000
Québec,Beauport,Duplex,5,3,1526,4751.0,1957,yes,yes,2022,391000
Brossard,Secteur C,Single Family,5,3,1213,10028.0,2012,yes,yes,2022,528000
Laval,Chomedey,Duplex,4,3,1612,5658.0,2010,yes,no,2025,744000
Gatineau,Hull,Townhouse,4,3,1127,2563.0,1985,yes,yes,2023,413000
Terrebonne,La Plaine,Triplex,6,3,2073,3805.0,1989,yes,yes,2025,971000
Blainville,Blainville Centre,Townhouse,3,2,1384,3308.0,1975,no,yes,2025,489000
Québec,Lebourgneuf,Single Family,3,2,1675,4766.0,1928,no,yes,2022,369000
Québec,Charlesbourg,Townhouse,3,1,1036,2595.0,1995,yes,yes,2021,203000
Québec,Lebourgneuf,Single Family,4,3,1043,3942.0,1989,yes,yes,2021,297000
Châteauguay,Centre-Ville,Single Family,2,3,1590,8745.0,1995,yes,no,2023,387000
Québec,Sillery,Duplex,4,4,1715,4823.0,1978,yes,yes,2025,429000
Terrebonne,Lachenaie,Triplex,6,3,2449,4306.0,1991,yes,yes,2024,1030000
Gatineau,Buckingham,Townhouse,3,2,1067,2559.0,2001,yes,yes,2022,275000
Drummondville,Saint-Charles,Single Family,3,2,1391,11405.0,1983,yes,yes,2022,359000
Québec,Sillery,Triplex,7,4,2352,4963.0,1973,yes,yes,2022,531000
Longueuil,Le Vieux-Longueuil,Single Family,4,2,1571,4879.0,1998,yes,yes,2023,571000
Saint-Jean-sur-Richelieu,Iberville,Single Family,3,4,1052,9285.0,1956,yes,yes,2022,388000
Montréal,Pointe-aux-Trembles,Triplex,5,3,2411,4899.0,1993,yes,yes,2025,1134000
Terrebonne,Lachenaie,Single Family,3,2,1278,8447.0,2018,yes,no,2023,562000
Québec,Vanier,Single Family,3,1,1952,7600.0,1926,yes,yes,2022,444000
Brossard,Secteur B,Townhouse,4,2,944,2856.0,1963,yes,yes,2023,422000
Sherbrooke,Rock Forest,Single Family,5,2,1679,8270.0,1997,yes,yes,2022,423000
Gatineau,Aylmer,Single Family,3,3,1363,5329.0,2006,yes,yes,2023,520000
Montréal,Verdun,Duplex,5,3,1626,6129.0,2018,yes,yes,2023,859000
Brossard,Secteur B,Townhouse,3,2,1181,3023.0,2017,yes,no,2024,468000
Montréal,Outremont,Single Family,5,1,2161,13418.0,1987,yes,yes,2022,636000
Brossard,Secteur A,Single Family,4,2,1118,10295.0,1981,yes,yes,2025,574000
Blainville,Blainville Centre,Single Family,5,1,1336,12947.0,2017,yes,yes,2025,507000
Trois-Rivières,Trois-Rivières-Ouest,Single Family,6,2,1238,8113.0,1962,no,no,2024,324000
Québec,Lebourgneuf,Single Family,4,2,1618,9057.0,1982,yes,yes,2024,451000
Montréal,Lachine,Single Family,4,3,924,11564.0,1997,yes,yes,2022,416000
Montréal,Ville-Marie,Single Family,5,3,873,4023.0,1967,no,yes,2023,382000
Candiac,Candiac Centre,Bungalow,3,1,1190,4228.0,1994,yes,yes,2023,578000
Châteauguay,Centre-Ville,Duplex,4,3,1771,5618.0,2001,yes,no,2025,500000
Brossard,Secteur B,Single Family,4,3,879,6002.0,1987,yes,yes,2025,618000
Sherbrooke,Lennoxville,Single Family,2,3,1646,4587.0,1960,yes,yes,2024,345000
Candiac,Candiac Centre,Single Family,4,3,1503,7660.0,1993,yes,no,2023,537000
Vaudreuil-Dorion,Centre-Ville,Duplex,6,3,1588,7695.0,1991,yes,yes,2023,510000
Laval,Vimont,Single Family,3,3,1738,10286.0,1995,yes,yes,2021,567000
Montréal,Lachine,Single Family,3,2,1084,3444.0,1993,no,yes,2021,435000
Vaudreuil-Dorion,Centre-Ville,Single Family,5,3,1422,6441.0,1972,yes,yes,2025,547000
Sherbrooke,Centre-Ville,Single Family,2,2,1645,9443.0,2005,yes,yes,2023,456000
Longueuil,Le Vieux-Longueuil,Single Family,4,4,1336,12035.0,1990,no,yes,2025,795000
Montréal,Villeray,Single Family,3,2,1453,11684.0,1946,yes,yes,2021,472000
Vaudreuil-Dorion,Centre-Ville,Triplex,5,5,2371,5188.0,2010,yes,yes,2025,837000
Québec,Limoilou,Single Family,4,2,1657,8636.0,1945,yes,no,2025,606000
Boucherville,Boucherville Centre,Single Family,3,3,1534,9404.0,1966,yes,yes,2025,702000
Saint-Bruno-de-Montarville,Centre-Ville,Triplex,8,5,2645,5328.0,1986,yes,yes,2021,786000
Montréal,Lachine,Single Family,5,2,1781,8959.0,1902,no,yes,2022,455000
Boucherville,Boucherville Centre,Duplex,4,3,1929,4434.0,1956,yes,yes,2025,589000
Longueuil,Saint-Hubert,Single Family,5,2,1534,7842.0,1995,yes,yes,2025,787000
Laval,Pont-Viau,Single Family,5,3,1235,4874.0,1971,yes,yes,2024,568000
Val-d'Or,Val-d'Or Centre,Single Family,3,3,1247,10746.0,2010,yes,no,2023,299000
Montréal,NDG,Single Family,4,3,1161,6735.0,1984,no,no,2024,584000
Brossard,Secteur B,Single Family,5,4,825,7117.0,1961,yes,yes,2021,384000
Châteauguay,Centre-Ville,Duplex,4,3,2038,7444.0,2009,yes,no,2023,481000
Terrebonne,Lachenaie,Triplex,5,4,1965,4263.0,1955,yes,yes,2025,1057000
Montréal,Rosemont,Single Family,6,3,1449,13005.0,1953,yes,yes,2022,600000
Victoriaville,Centre-Ville,Townhouse,3,2,1125,3629.0,2000,yes,no,2022,274000
Laval,Chomedey,Single Family,4,1,1598,4464.0,1972,yes,yes,2024,620000
Terrebonne,Terrebonne Ouest,Single Family,5,3,1930,7771.0,2004,no,yes,2024,945000
Gatineau,Aylmer,Townhouse,2,1,1143,2802.0,1988,no,yes,2023,395000
Rimouski,Rimouski Centre,Townhouse,3,1,1189,3115.0,2000,yes,yes,2025,183000
Gatineau,Gatineau Centre,Duplex,5,3,2084,4318.0,1970,yes,yes,2025,598000
Terrebonne,Terrebonne Ouest,Duplex,5,3,1386,4233.0,1969,no,yes,2022,543000
Québec,Sainte-Foy,Single Family,5,1,992,5986.0,1961,no,yes,2023,330000
Montréal,Outremont,Townhouse,3,1,826,2864.0,1976,yes,yes,2023,339000
Granby,Centre-Ville,Townhouse,3,3,1078,2952.0,2023,yes,yes,2025,383000
Laval,Chomedey,Townhouse,3,3,1123,3404.0,1994,yes,yes,2025,610000
Laval,Fabreville,Single Family,2,2,1112,13019.0,1969,no,yes,2025,546000
Montréal,NDG,Townhouse,4,2,1055,2442.0,1957,yes,yes,2025,442000
Saguenay,La Baie,Duplex,6,3,1766,5701.0,1972,no,yes,2023,310000
Montréal,Verdun,Single Family,2,3,1525,8179.0,1998,yes,yes,2024,646000
Gatineau,Gatineau Centre,Single Family,5,3,1592,4775.0,1962,yes,no,2025,700000
Montréal,Lachine,Single Family,3,3,1390,6090.0,2019,no,yes,2024,698000
Longueuil,Saint-Hubert,Duplex,6,3,1918,5129.0,1998,yes,yes,2024,748000
Laval,Sainte-Dorothée,Single Family,6,3,1442,12862.0,1957,yes,yes,2021,432000
Val-d'Or,Val-d'Or Centre,Single Family,4,3,1702,8525.0,1988,yes,yes,2022,272000
Drummondville,Saint-Charles,Single Family,3,2,1438,4649.0,1980,yes,yes,2025,480000
Saguenay,Jonquière,Townhouse,3,2,1244,2713.0,1958,yes,yes,2025,303000
Québec,Sillery,Single Family,4,3,1352,10072.0,2010,no,yes,2023,397000
Laval,Vimont,Single Family,3,4,1655,12216.0,1974,yes,yes,2025,735000
Mirabel,Saint-Canut,Single Family,4,3,1611,10737.0,1955,no,yes,2023,502000
Montréal,Pointe-aux-Trembles,Single Family,3,2,1603,5045.0,1959,no,yes,2022,538000
Terrebonne,Terrebonne Ouest,Single Family,5,2,1520,10109.0,1967,yes,yes,2025,745000
Montréal,Saint-Léonard,Single Family,5,3,1674,7931.0,1961,no,yes,2021,515000
Vaudreuil-Dorion,Centre-Ville,Duplex,5,3,1679,5255.0,1959,yes,yes,2025,563000
Gatineau,Hull,Duplex,3,2,1736,6305.0,2001,no,yes,2024,509000
Montréal,NDG,Duplex,4,3,1185,5903.0,1976,no,yes,2023,626000
Longueuil,Saint-Hubert,Single Family,4,2,1512,4294.0,1957,yes,no,2023,623000
Montréal,LaSalle,Duplex,3,3,1506,4795.0,1909,no,yes,2024,554000
Brossard,Secteur B,Single Family,5,3,1081,11243.0,1960,yes,no,2024,452000
Terrebonne,La Plaine,Single Family,5,3,1923,5352.0,1983,yes,yes,2024,897000
Longueuil,Le Vieux-Longueuil,Single Family,4,2,1237,11703.0,2009,yes,yes,2024,609000
Laval,Pont-Viau,Triplex,6,4,2346,3648.0,1983,no,yes,2024,1021000
Lévis,Charny,Duplex,4,3,1903,4226.0,1966,yes,yes,2024,463000
Longueuil,Vieux-Longueuil,Single Family,5,2,1463,7981.0,1994,yes,yes,2025,636000
Blainville,Blainville Centre,Duplex,6,2,1472,3265.0,2022,no,yes,2023,398000
Longueuil,Saint-Hubert,Townhouse,3,2,1196,2228.0,1970,yes,yes,2023,403000
Québec,Vanier,Townhouse,4,2,952,4063.0,1920,no,no,2025,308000
Montréal,Ahuntsic,Townhouse,3,2,921,2212.0,2021,yes,yes,2024,325000
Longueuil,Vieux-Longueuil,Townhouse,3,2,1229,2177.0,2011,yes,yes,2025,511000
Terrebonne,Terrebonne Ouest,Townhouse,3,2,988,2434.0,1970,no,yes,2024,441000
Sherbrooke,Rock Forest,Triplex,6,4,1713,6737.0,2018,yes,yes,2024,586000
Brossard,Secteur C,Single Family,5,3,1781,6740.0,2023,yes,yes,2025,814000
Terrebonne,Lachenaie,Single Family,4,3,931,7736.0,1963,yes,yes,2023,548000
Saint-Jérôme,Bellefeuille,Single Family,3,2,1414,8532.0,1967,no,yes,2025,432000
Sherbrooke,Lennoxville,Single Family,4,2,1750,3850.0,1978,yes,yes,2023,468000
Laval,Chomedey,Single Family,4,3,1676,7039.0,2014,yes,no,2025,836000
Sherbrooke,Centre-Ville,Duplex,3,3,1507,4253.0,2018,yes,no,2024,426000
Saguenay,Chicoutimi,Single Family,4,3,1879,9495.0,1998,no,no,2023,382000
Laval,Fabreville,Townhouse,3,3,1286,3671.0,1996,yes,no,2021,370000
Montréal,Outremont,Single Family,5,3,1544,12609.0,2012,no,yes,2021,564000
Lévis,Lévis Centre,Triplex,8,5,1694,6305.0,2010,yes,yes,2021,561000
Longueuil,Greenfield Park,Single Family,4,2,1362,4414.0,2017,yes,yes,2024,635000
Laval,Pont-Viau,Single Family,5,2,1507,3709.0,2003,no,yes,2024,612000
Montréal,Mercier,Single Family,6,3,1674,10951.0,1994,yes,yes,2021,585000
Châteauguay,Centre-Ville,Single Family,5,1,997,13472.0,2003,yes,no,2021,252000
Gatineau,Hull,Single Family,5,3,1946,13430.0,2013,yes,yes,2021,605000
Trois-Rivières,Cap-de-la-Madeleine,Single Family,5,3,1815,7516.0,1993,yes,yes,2024,402000
Pointe-Claire,West Island,Single Family,3,3,1370,11222.0,1968,yes,yes,2025,708000
Repentigny,Repentigny Centre,Single Family,5,2,1207,10473.0,2021,no,no,2025,796000
Rouyn-Noranda,Rouyn Centre,Duplex,4,3,1750,5322.0,1968,yes,yes,2023,436000
Granby,Centre-Ville,Single Family,4,2,1415,7542.0,2022,yes,yes,2025,552000
Saguenay,Chicoutimi,Single Family,6,1,1315,7100.0,2017,no,yes,2022,269000
Québec,Sillery,Townhouse,3,2,1139,3210.0,1957,yes,yes,2021,220000
Québec,Limoilou,Bungalow,2,1,757,5004.0,1949,yes,yes,2024,303000
Montréal,Ville-Marie,Single Family,3,2,864,6862.0,1980,yes,no,2023,367000
Laval,Chomedey,Single Family,6,2,1462,8189.0,2016,yes,yes,2021,587000
Gatineau,Hull,Single Family,5,2,1043,5372.0,1976,yes,yes,2025,539000
Sept-Îles,Sept-Îles Centre,Duplex,5,3,1572,6444.0,1997,yes,yes,2025,269000
Vaudreuil-Dorion,Centre-Ville,Single Family,3,2,1537,8966.0,2020,yes,yes,2022,425000
Montréal,NDG,Single Family,4,3,1314,5601.0,1978,yes,yes,2022,433000
Montréal,Plateau-Mont-Royal,Single Family,6,4,1623,11080.0,1940,yes,yes,2022,422000
Repentigny,Le Gardeur,Single Family,4,2,1596,5485.0,2015,yes,yes,2025,694000
Terrebonne,Lachenaie,Single Family,5,1,1252,5995.0,1956,yes,yes,2023,667000
Laval,Pont-Viau,Townhouse,3,2,1042,2367.0,2002,yes,yes,2022,406000
Montréal,Plateau-Mont-Royal,Single Family,3,3,2181,10154.0,1982,no,yes,2025,771000
Saint-Jean-sur-Richelieu,Iberville,Triplex,8,5,1703,4930.0,2014,no,yes,2022,432000
Lévis,Lévis Centre,Single Family,3,2,1405,9476.0,1961,yes,yes,2021,323000
Montréal,Mercier,Duplex,5,4,1992,3937.0,1935,yes,yes,2023,788000
Longueuil,Greenfield Park,Single Family,4,2,820,14308.0,2001,no,yes,2021,419000
Longueuil,Greenfield Park,Bungalow,2,2,983,4092.0,1968,yes,yes,2023,482000
Saint-Bruno-de-Montarville,Centre-Ville,Triplex,6,5,2415,5035.0,2010,yes,yes,2023,845000
Terrebonne,La Plaine,Duplex,4,4,1906,4175.0,2007,yes,yes,2024,838000
Victoriaville,Centre-Ville,Townhouse,3,1,1113,2319.0,2007,yes,yes,2025,406000
Terrebonne,Lachenaie,Single Family,5,3,1725,7165.0,1964,yes,yes,2023,532000
Sherbrooke,Fleurimont,Single Family,4,3,1347,5549.0,1977,no,yes,2023,348000
Trois-Rivières,Cap-de-la-Madeleine,Single Family,4,2,1153,9710.0,1982,no,yes,2022,330000
Montréal,Saint-Léonard,Duplex,4,3,1940,3895.0,1944,yes,yes,2025,1042000
Rimouski,Rimouski Centre,Single Family,3,3,1139,6768.0,1968,yes,yes,2023,238000
Châteauguay,Centre-Ville,Triplex,6,4,2515,5910.0,2005,no,yes,2025,704000
Châteauguay,Centre-Ville,Single Family,6,3,1598,11032.0,1994,no,yes,2024,441000
Longueuil,Le Vieux-Longueuil,Single Family,5,3,1580,6953.0,1986,yes,yes,2025,703000
Sept-Îles,Sept-Îles Centre,Single Family,4,3,1405,4389.0,1983,yes,yes,2022,206000
Montréal,Saint-Léonard,Single Family,3,2,1218,5443.0,1968,yes,yes,2025,566000
Candiac,Candiac Centre,Single Family,5,3,1095,7159.0,2001,yes,yes,2024,520000
Sherbrooke,Lennoxville,Duplex,5,3,1922,4262.0,2003,yes,yes,2022,412000
Sherbrooke,Rock Forest,Single Family,4,1,1330,4729.0,1986,yes,yes,2025,407000
Brossard,Secteur B,Townhouse,2,2,1033,3204.0,1962,yes,yes,2023,315000
Laval,Sainte-Dorothée,Duplex,6,3,1977,5542.0,1961,yes,yes,2022,661000
Rouyn-Noranda,Rouyn Centre,Single Family,5,2,1944,11804.0,1979,yes,yes,2022,517000
Candiac,Candiac Centre,Townhouse,2,1,1027,2687.0,1997,yes,no,2023,331000
Longueuil,Vieux-Longueuil,Single Family,5,3,1605,10266.0,2007,yes,yes,2024,883000
Montréal,Outremont,Bungalow,2,1,800,6030.0,1955,no,yes,2022,387000
Lévis,Saint-Nicolas,Single Family,3,2,1925,7226.0,1981,yes,yes,2022,379000
Dollard-des-Ormeaux,West Island,Single Family,3,2,1281,6293.0,1966,yes,no,2022,526000
Brossard,Solar Uniquartier,Single Family,4,2,2086,8083.0,1989,no,yes,2024,792000
Granby,Centre-Ville,Duplex,5,3,1773,5302.0,1994,no,no,2025,512000
Rouyn-Noranda,Rouyn Centre,Single Family,3,3,1595,5347.0,2012,yes,no,2025,541000
Dollard-des-Ormeaux,West Island,Townhouse,4,2,1196,3149.0,2007,yes,yes,2024,501000
Trois-Rivières,Trois-Rivières-Ouest,Single Family,6,2,1583,4928.0,1956,yes,no,2024,352000
Québec,Val-Bélair,Duplex,6,2,1464,3316.0,1900,yes,yes,2023,355000
Blainville,Blainville Centre,Single Family,5,3,1596,8680.0,1972,yes,yes,2025,545000
Montréal,Plateau-Mont-Royal,Single Family,5,2,969,6001.0,2012,yes,no,2024,464000
Québec,Charlesbourg,Single Family,4,2,1513,5192.0,1958,yes,yes,2021,321000
Sherbrooke,Fleurimont,Duplex,5,3,1957,4502.0,2003,no,no,2021,384000
Alma,Alma Centre,Single Family,3,3,2023,4704.0,1966,no,yes,2024,365000
Montréal,Outremont,Duplex,5,3,1826,5947.0,1948,yes,yes,2023,683000
Montréal,Ahuntsic,Single Family,4,3,1727,8087.0,1957,no,yes,2024,723000
Saint-Jean-sur-Richelieu,Centre-Ville,Duplex,5,3,1821,6309.0,2021,yes,no,2024,377000
Sherbrooke,Fleurimont,Single Family,3,3,1797,13158.0,2006,yes,yes,2023,469000
Châteauguay,Centre-Ville,Triplex,4,4,2848,4697.0,1976,yes,yes,2024,630000
Baie-Comeau,Baie-Comeau Centre,Single Family,4,2,1593,5345.0,1998,yes,yes,2024,256000
Brossard,Secteur A,Triplex,6,3,2358,5201.0,2008,yes,no,2021,767000
Lévis,Lévis Centre,Single Family,5,1,1404,7182.0,1974,no,yes,2022,287000
Longueuil,Greenfield Park,Triplex,6,4,2327,4428.0,2011,yes,yes,2025,1425000
Terrebonne,Terrebonne Ouest,Single Family,5,3,2006,12707.0,1967,no,yes,2025,884000
Montréal,Rosemont,Single Family,5,2,1164,7558.0,1990,no,yes,2023,514000
Longueuil,Le Vieux-Longueuil,Single Family,5,4,1864,6049.0,1995,yes,no,2024,760000
Montréal,Ville-Marie,Townhouse,3,2,1006,3191.0,1975,no,yes,2022,354000
Laval,Vimont,Single Family,4,3,1812,4968.0,1974,yes,yes,2021,460000
Dollard-des-Ormeaux,West Island,Single Family,4,2,1210,8046.0,1997,yes,yes,2024,576000
Longueuil,Saint-Hubert,Townhouse,2,2,923,2745.0,1994,yes,yes,2021,320000
Granby,Centre-Ville,Duplex,5,3,2150,5471.0,2004,yes,yes,2022,502000
Gatineau,Buckingham,Single Family,5,3,1598,8945.0,1977,yes,no,2021,602000
Montréal,Pointe-aux-Trembles,Single Family,5,3,1332,7682.0,1999,yes,yes,2024,679000
Alma,Alma Centre,Townhouse,4,3,1127,2276.0,2001,yes,yes,2025,265000
Laval,Vimont,Single Family,5,3,1621,8643.0,1989,yes,yes,2022,527000
Brossard,Secteur C,Single Family,5,3,1727,9971.0,2018,yes,yes,2025,811000
Boucherville,Boucherville Centre,Single Family,3,2,1851,4248.0,1982,yes,no,2024,559000
Châteauguay,Centre-Ville,Townhouse,3,2,1311,2933.0,1993,yes,yes,2021,281000
Longueuil,Greenfield Park,Single Family,5,2,1262,5798.0,1984,yes,yes,2023,512000
Saint-Jean-sur-Richelieu,Iberville,Single Family,4,3,1647,7923.0,1957,yes,yes,2024,352000
Saint-Jérôme,Bellefeuille,Triplex,6,6,2253,4373.0,2004,yes,yes,2024,680000
Longueuil,Greenfield Park,Single Family,3,3,1550,11492.0,2019,yes,yes,2024,691000
Terrebonne,Terrebonne Ouest,Single Family,2,1,1447,3673.0,2009,yes,no,2025,780000
Longueuil,Saint-Hubert,Single Family,3,2,1319,5484.0,1982,yes,yes,2022,441000
Vaudreuil-Dorion,Centre-Ville,Single Family,5,4,1478,11305.0,1995,yes,yes,2021,498000
Mirabel,Sainte-Monique,Townhouse,3,2,1033,2072.0,2004,yes,yes,2024,333000
Québec,Limoilou,Duplex,5,3,1608,4416.0,1904,yes,yes,2025,430000
Sherbrooke,Centre-Ville,Single Family,4,3,1536,4715.0,1979,no,yes,2025,461000
Longueuil,Saint-Hubert,Single Family,4,3,1348,3910.0,2011,yes,yes,2024,724000
Gatineau,Aylmer,Duplex,4,3,2021,5503.0,1973,yes,yes,2022,489000
Sherbrooke,Rock Forest,Duplex,4,3,2033,4832.0,1985,no,yes,2023,474000
Terrebonne,Terrebonne Ouest,Single Family,4,1,1449,10342.0,1999,no,no,2025,638000
Terrebonne,La Plaine,Townhouse,3,2,1156,2022.0,1998,yes,yes,2023,518000
Granby,Centre-Ville,Single Family,4,2,1919,7398.0,1973,no,yes,2022,396000
Mirabel,Sainte-Monique,Single Family,5,4,1198,10870.0,1992,yes,yes,2023,447000
Montréal,Hochelaga-Maisonneuve,Townhouse,3,1,1008,3258.0,1915,yes,yes,2024,517000
Saint-Bruno-de-Montarville,Centre-Ville,Single Family,6,2,826,8008.0,2009,yes,yes,2025,554000
Sept-Îles,Sept-Îles Centre,Single Family,3,4,1852,10130.0,1995,yes,yes,2023,286000
Montréal,Villeray,Single Family,4,1,1272,5757.0,1988,no,yes,2023,470000
Longueuil,Vieux-Longueuil,Single Family,3,3,1175,7470.0,1979,yes,yes,2023,716000
Brossard,Solar Uniquartier,Single Family,3,3,1498,7002.0,2006,yes,no,2023,501000
Repentigny,Le Gardeur,Single Family,4,2,2003,8101.0,1988,yes,yes,2024,640000
Sherbrooke,Lennoxville,Single Family,4,3,1467,7678.0,1958,yes,yes,2024,456000
Pointe-Claire,West Island,Duplex,5,3,1521,4341.0,2022,yes,no,2025,776000
Montréal,Plateau-Mont-Royal,Duplex,4,2,1534,4751.0,1992,yes,yes,2023,618000
Saguenay,Chicoutimi,Single Family,4,2,1654,9367.0,1958,yes,yes,2024,349000
Brossard,Solar Uniquartier,Single Family,4,3,1311,5865.0,1959,yes,no,2025,650000
Saguenay,La Baie,Single Family,4,2,1391,9279.0,1994,no,yes,2021,258000
Longueuil,Vieux-Longueuil,Single Family,4,2,1132,14834.0,2012,no,yes,2025,635000
Saint-Jean-sur-Richelieu,Centre-Ville,Single Family,3,3,1576,9509.0,2013,yes,yes,2024,432000
Montréal,LaSalle,Single Family,6,3,1482,5383.0,1931,no,yes,2023,591000
Montréal,Verdun,Single Family,3,2,1624,9671.0,1998,no,no,2024,521000
Repentigny,Le Gardeur,Bungalow,3,1,1169,4734.0,1990,no,no,2024,710000
Montréal,NDG,Triplex,6,6,2166,7102.0,1978,yes,yes,2023,906000
Longueuil,Greenfield Park,Single Family,4,3,1494,6920.0,1980,yes,yes,2025,766000
Longueuil,Saint-Hubert,Single Family,4,3,1670,12239.0,1999,yes,no,2023,761000
Longueuil,Vieux-Longueuil,Single Family,3,3,1389,5082.0,1993,yes,no,2021,557000
Longueuil,Le Vieux-Longueuil,Single Family,4,2,1564,5800.0,1990,no,yes,2025,592000
Blainville,Blainville Centre,Townhouse,4,2,1084,3321.0,2013,yes,yes,2024,307000
Québec,Beauport,Single Family,4,3,1371,8337.0,1955,no,no,2022,325000
Montréal,Pointe-aux-Trembles,Single Family,3,2,1671,6124.0,1995,yes,no,2024,607000
Baie-Comeau,Baie-Comeau Centre,Single Family,3,2,1179,6009.0,2018,yes,yes,2022,157000
Repentigny,Repentigny Centre,Single Family,4,3,1683,12241.0,1990,yes,yes,2023,686000
Montréal,Mercier,Townhouse,4,2,962,2854.0,1950,yes,yes,2025,415000
Montréal,Mercier,Townhouse,4,3,1236,2879.0,1941,no,yes,2023,453000
Gatineau,Gatineau Centre,Single Family,3,1,1912,12761.0,1957,no,yes,2024,634000
Terrebonne,Terrebonne Ouest,Single Family,4,1,1372,4474.0,1997,yes,yes,2024,586000
Drummondville,Saint-Charles,Bungalow,3,2,1082,5421.0,2002,yes,yes,2022,297000
Québec,Sainte-Foy,Duplex,5,4,1796,7227.0,1900,yes,yes,2023,377000
Montréal,Pointe-aux-Trembles,Single Family,5,4,1397,12798.0,2006,no,yes,2022,641000
Brossard,Secteur B,Single Family,5,4,1172,10868.0,1989,no,yes,2021,471000
Longueuil,Vieux-Longueuil,Single Family,4,1,1506,12990.0,1957,yes,yes,2023,649000
Repentigny,Le Gardeur,Single Family,5,2,1615,8353.0,1977,yes,yes,2021,571000
Québec,Val-Bélair,Townhouse,3,2,1002,2768.0,1906,yes,yes,2022,225000
Montréal,Pointe-aux-Trembles,Townhouse,3,2,945,3104.0,1961,yes,yes,2022,301000
Brossard,Secteur B,Single Family,3,1,1501,6655.0,2020,yes,yes,2021,496000
Québec,Sainte-Foy,Single Family,3,1,1531,7542.0,1978,no,yes,2025,472000
Longueuil,Vieux-Longueuil,Single Family,5,3,1592,11357.0,2005,yes,yes,2025,944000
Québec,Charlesbourg,Single Family,4,3,1163,6741.0,1984,yes,no,2024,383000
Terrebonne,Lachenaie,Townhouse,3,2,868,2719.0,2016,no,yes,2024,432000
Montréal,LaSalle,Single Family,4,3,1495,5016.0,1991,yes,yes,2022,528000
Laval,Vimont,Townhouse,4,2,1091,1965.0,2007,yes,yes,2024,451000
Drummondville,Saint-Charles,Single Family,3,2,1601,7187.0,1959,yes,yes,2023,412000
Terrebonne,Lachenaie,Townhouse,3,3,1262,2789.0,2020,yes,no,2023,515000
Lévis,Charny,Single Family,3,2,1212,13591.0,2020,yes,yes,2025,380000
Gatineau,Gatineau Centre,Townhouse,3,2,918,4228.0,1982,yes,yes,2023,335000
Montréal,Verdun,Single Family,4,2,2017,7903.0,2023,no,yes,2025,880000
Baie-Comeau,Baie-Comeau Centre,Single Family,3,3,1192,4627.0,1983,yes,yes,2025,184000
Châteauguay,Centre-Ville,Single Family,3,3,1062,5333.0,2000,no,yes,2024,384000
Laval,Pont-Viau,Duplex,6,4,1633,5380.0,1998,yes,no,2024,621000
Laval,Sainte-Dorothée,Duplex,4,3,1671,5265.0,1999,yes,yes,2024,706000
Vaudreuil-Dorion,Centre-Ville,Single Family,4,3,1261,9916.0,2017,yes,yes,2025,554000
Repentigny,Repentigny Centre,Duplex,5,3,1981,4011.0,1979,yes,yes,2025,772000
Québec,Sillery,Single Family,4,2,1525,6198.0,2017,yes,yes,2022,427000
Montréal,Hochelaga-Maisonneuve,Single Family,4,3,1501,7012.0,2004,no,yes,2024,620000
Laval,Fabreville,Duplex,6,3,1603,3179.0,1965,yes,yes,2025,736000
Châteauguay,Centre-Ville,Single Family,4,2,1318,10797.0,1962,yes,yes,2023,325000
Terrebonne,Lachenaie,Townhouse,3,1,1133,2750.0,2009,yes,yes,2025,572000
Longueuil,Greenfield Park,Single Family,5,3,1730,9625.0,2020,yes,yes,2021,598000
Mirabel,Sainte-Monique,Single Family,3,2,1294,6159.0,1981,yes,yes,2024,454000
Québec,Lebourgneuf,Townhouse,4,2,934,2614.0,1963,yes,yes,2023,271000
Gatineau,Aylmer,Single Family,4,2,1106,5728.0,2011,yes,yes,2025,463000
Sherbrooke,Centre-Ville,Townhouse,3,2,1128,2409.0,1981,no,yes,2021,252000
Brossard,Secteur A,Single Family,4,2,1788,3994.0,1956,yes,yes,2023,578000
Trois-Rivières,Centre-Ville,Townhouse,3,2,896,3804.0,2020,yes,yes,2025,263000
Québec,Sainte-Foy,Single Family,4,2,1307,8284.0,1902,yes,no,2024,314000
Montréal,Hochelaga-Maisonneuve,Single Family,5,3,1564,4429.0,2015,yes,no,2023,658000
Québec,Val-Bélair,Duplex,5,3,1371,6050.0,2005,yes,yes,2023,425000
Québec,Limoilou,Duplex,5,3,1463,4154.0,2019,yes,yes,2025,512000
Gatineau,Aylmer,Single Family,5,3,1566,6373.0,1996,yes,no,2022,614000
Val-d'Or,Val-d'Or Centre,Townhouse,3,2,901,2487.0,2021,no,yes,2023,161000
Montréal,Outremont,Single Family,3,4,1597,13879.0,1969,no,no,2022,570000
Laval,Vimont,Single Family,4,1,1634,9916.0,1964,no,yes,2023,568000
Dollard-des-Ormeaux,West Island,Single Family,5,4,1448,14795.0,1984,yes,yes,2024,763000
Montréal,Villeray,Townhouse,3,2,1023,3434.0,2002,no,yes,2025,452000
Laval,Pont-Viau,Single Family,3,3,1962,10999.0,1996,yes,yes,2023,735000
Pointe-Claire,West Island,Duplex,5,2,1372,4259.0,1980,no,no,2021,354000
Terrebonne,Lachenaie,Single Family,3,2,1749,9974.0,1960,yes,yes,2024,626000
Québec,Beauport,Townhouse,3,2,1023,2930.0,1937,yes,yes,2022,256000
Saint-Jérôme,Centre-Ville,Single Family,4,4,1575,4254.0,1990,no,no,2022,398000
Trois-Rivières,Cap-de-la-Madeleine,Duplex,4,3,1692,4837.0,1971,yes,yes,2025,482000
Québec,Sainte-Foy,Duplex,4,2,2118,4961.0,1903,yes,yes,2021,416000
Brossard,Secteur C,Duplex,4,3,2086,5312.0,1981,no,yes,2022,535000
Brossard,Solar Uniquartier,Duplex,3,2,1840,3840.0,2007,yes,yes,2025,802000
Montréal,Ahuntsic,Single Family,6,4,1468,4419.0,1961,yes,yes,2024,628000
Montréal,Plateau-Mont-Royal,Single Family,3,3,1238,8160.0,1951,no,no,2023,521000
Victoriaville,Centre-Ville,Bungalow,3,1,860,7050.0,1996,yes,yes,2024,411000
Candiac,Candiac Centre,Single Family,5,1,895,9658.0,2015,no,no,2022,398000
Laval,Vimont,Duplex,6,3,2086,6012.0,2016,yes,yes,2022,739000
Blainville,Blainville Centre,Single Family,4,4,1361,6800.0,2003,yes,no,2025,563000
Montréal,NDG,Single Family,6,3,1235,4692.0,2022,yes,yes,2025,602000
Montréal,Saint-Léonard,Single Family,4,3,1201,6864.0,1936,yes,yes,2021,404000
Repentigny,Repentigny Centre,Single Family,6,3,1637,4742.0,2016,yes,no,2024,663000
Québec,Lebourgneuf,Triplex,5,4,2220,6718.0,1909,yes,yes,2025,715000
Saint-Jérôme,Bellefeuille,Single Family,4,3,1448,3562.0,2012,yes,yes,2025,596000
Mirabel,Sainte-Monique,Triplex,4,4,1967,5748.0,1979,no,yes,2022,597000
Blainville,Blainville Centre,Townhouse,3,2,907,2725.0,1955,no,yes,2025,343000
Longueuil,Vieux-Longueuil,Duplex,5,3,1919,4246.0,1988,yes,yes,2024,600000
Sherbrooke,Lennoxville,Single Family,2,3,1096,7297.0,1975,no,yes,2021,279000
Laval,Vimont,Duplex,3,3,2078,3633.0,1966,yes,yes,2021,584000
Laval,Sainte-Dorothée,Duplex,4,3,1745,5440.0,1998,yes,yes,2024,658000
Brossard,Secteur C,Townhouse,3,2,990,4015.0,2021,yes,yes,2022,378000
Drummondville,Saint-Charles,Single Family,5,3,1753,11309.0,1985,yes,yes,2024,515000
Dollard-des-Ormeaux,West Island,Townhouse,3,2,950,2478.0,1993,no,yes,2024,435000
Brossard,Secteur C,Townhouse,3,3,1007,2449.0,1957,no,yes,2024,446000
Saint-Jean-sur-Richelieu,Centre-Ville,Single Family,4,3,1545,14184.0,1989,yes,yes,2021,333000
Sherbrooke,Lennoxville,Single Family,3,1,1207,7859.0,1981,yes,yes,2024,371000
Laval,Sainte-Dorothée,Duplex,4,3,1378,5948.0,2011,no,yes,2021,416000
Québec,Limoilou,Single Family,5,3,1543,5282.0,2019,yes,no,2022,366000
Terrebonne,Lachenaie,Townhouse,3,2,873,3724.0,1961,yes,no,2023,438000
Montréal,Mercier,Townhouse,3,1,1061,4287.0,1984,no,yes,2025,474000
Vaudreuil-Dorion,Centre-Ville,Triplex,5,5,2622,5766.0,1995,yes,yes,2025,953000
Laval,Vimont,Townhouse,4,2,1110,3824.0,2000,yes,yes,2025,433000
Alma,Alma Centre,Single Family,6,2,1592,5701.0,2007,no,yes,2025,283000
Montréal,Verdun,Townhouse,3,2,1002,3446.0,2001,yes,yes,2021,362000
Montréal,Rosemont,Duplex,4,2,1590,6426.0,1966,yes,yes,2021,584000
Saguenay,Chicoutimi,Duplex,4,3,1743,5437.0,2001,yes,yes,2024,369000
Montréal,Ville-Marie,Single Family,4,1,1707,5274.0,2009,yes,yes,2023,570000
Montréal,Outremont,Single Family,4,2,1428,4649.0,1912,yes,no,2025,723000
Candiac,Candiac Centre,Duplex,5,3,1592,4996.0,1983,yes,yes,2022,555000
Granby,Centre-Ville,Single Family,5,1,1785,11121.0,2007,yes,yes,2025,902000
Brossard,Secteur C,Townhouse,2,2,1038,3176.0,2001,yes,yes,2025,486000
Granby,Centre-Ville,Bungalow,4,2,1064,4960.0,1992,yes,no,2025,517000
Laval,Duvernay,Duplex,5,3,1417,3940.0,1995,no,yes,2025,724000
Montréal,Ahuntsic,Townhouse,3,2,1034,2603.0,1932,no,yes,2025,355000
Montréal,Hochelaga-Maisonneuve,Single Family,4,2,1836,10333.0,1932,yes,yes,2023,597000
Longueuil,Vieux-Longueuil,Townhouse,3,1,1121,1966.0,1967,yes,yes,2022,382000
Montréal,Plateau-Mont-Royal,Single Family,4,3,1879,6922.0,1910,no,yes,2024,642000
Laval,Duvernay,Single Family,5,2,1125,4207.0,1987,yes,yes,2023,558000
Saint-Bruno-de-Montarville,Centre-Ville,Townhouse,3,2,1265,3240.0,2020,yes,no,2023,544000
Repentigny,Le Gardeur,Bungalow,3,1,950,5762.0,1988,no,yes,2024,546000
Sherbrooke,Rock Forest,Single Family,3,2,1351,12647.0,1957,yes,yes,2025,483000
Blainville,Blainville Centre,Single Family,4,2,1431,10511.0,1962,yes,no,2024,571000
Saint-Bruno-de-Montarville,Centre-Ville,Single Family,4,2,1237,9290.0,1987,yes,yes,2023,637000
Québec,Sillery,Single Family,2,2,1109,4529.0,1939,yes,yes,2022,288000
Drummondville,Saint-Charles,Single Family,3,3,1711,7999.0,2018,yes,yes,2025,478000
Pointe-Claire,West Island,Single Family,5,2,1295,7960.0,1969,no,no,2024,611000
Montréal,NDG,Single Family,5,3,1851,8865.0,1956,no,yes,2022,581000
Saint-Jérôme,Bellefeuille,Single Family,4,4,1984,11021.0,1964,yes,no,2025,724000
Vaudreuil-Dorion,Centre-Ville,Duplex,5,3,1319,6100.0,1989,yes,yes,2021,407000
Saint-Bruno-de-Montarville,Centre-Ville,Single Family,4,2,1256,5888.0,1969,no,yes,2025,761000
Québec,Charlesbourg,Single Family,4,2,1672,12812.0,1911,yes,yes,2025,569000
Longueuil,Saint-Hubert,Townhouse,3,2,1088,2864.0,1972,yes,yes,2023,425000
Vaudreuil-Dorion,Centre-Ville,Single Family,4,1,1443,6044.0,2015,yes,yes,2024,452000
Longueuil,Greenfield Park,Single Family,6,3,1895,11113.0,2000,no,yes,2021,646000
Laval,Vimont,Townhouse,3,2,1184,2567.0,1966,yes,yes,2021,332000
Laval,Sainte-Dorothée,Single Family,4,3,1463,10358.0,2002,yes,yes,2023,622000
Montréal,Verdun,Triplex,5,5,2213,4903.0,1915,yes,no,2023,940000
Laval,Pont-Viau,Single Family,6,3,1698,4645.0,1976,yes,yes,2025,703000
Boucherville,Boucherville Centre,Bungalow,3,2,983,5231.0,1980,yes,yes,2024,541000
Saint-Jérôme,Bellefeuille,Single Family,2,2,1658,5663.0,2019,no,no,2024,403000
Pointe-Claire,West Island,Bungalow,3,2,1319,6030.0,2005,no,yes,2024,598000
Sherbrooke,Lennoxville,Townhouse,3,2,789,3400.0,1966,yes,yes,2025,290000
Châteauguay,Centre-Ville,Single Family,5,2,1416,12341.0,1966,yes,yes,2023,417000
Mirabel,Saint-Canut,Single Family,4,3,1081,5740.0,2017,yes,yes,2021,333000
Mirabel,Sainte-Monique,Duplex,5,2,2144,5807.0,1998,no,yes,2023,456000
Val-d'Or,Val-d'Or Centre,Single Family,3,2,1683,4994.0,1971,yes,yes,2022,228000
Dollard-des-Ormeaux,West Island,Duplex,4,3,1597,4523.0,1987,yes,yes,2024,543000
Saint-Jérôme,Centre-Ville,Single Family,2,4,1672,12481.0,2010,no,yes,2024,467000
Montréal,Verdun,Single Family,6,2,1804,9777.0,1936,no,yes,2021,452000
Montréal,Outremont,Townhouse,3,2,1116,3293.0,2001,yes,yes,2021,358000
Lévis,Lévis Centre,Single Family,4,2,1143,6714.0,1976,yes,yes,2021,314000
Saguenay,Jonquière,Single Family,5,2,1592,5891.0,1978,no,yes,2024,364000
Montréal,Verdun,Single Family,3,3,1671,5157.0,1951,yes,yes,2023,712000
Montréal,Pointe-aux-Trembles,Triplex,6,3,2253,4946.0,1961,yes,yes,2024,1047000
Montréal,Lachine,Single Family,5,2,1145,5401.0,1990,no,no,2023,389000
Dollard-des-Ormeaux,West Island,Triplex,5,4,2569,4136.0,1986,yes,yes,2024,823000
Montréal,Hochelaga-Maisonneuve,Townhouse,2,2,1107,3145.0,2010,no,yes,2025,574000
Candiac,Candiac Centre,Duplex,4,2,2067,5556.0,1991,no,yes,2024,656000
Granby,Centre-Ville,Single Family,4,3,1275,7028.0,2017,yes,yes,2022,473000
Montréal,Outremont,Triplex,5,4,2714,6784.0,1912,yes,yes,2024,1202000
Victoriaville,Centre-Ville,Bungalow,2,2,1113,4811.0,1962,yes,no,2022,366000
Laval,Pont-Viau,Single Family,6,3,1487,5648.0,1956,yes,yes,2024,602000
Candiac,Candiac Centre,Single Family,5,3,1444,3972.0,2010,yes,yes,2024,521000
Brossard,Secteur A,Single Family,6,3,1464,5589.0,1984,yes,yes,2021,504000
Brossard,Secteur C,Single Family,3,3,1871,6488.0,1971,yes,no,2022,647000
Montréal,Ville-Marie,Single Family,4,3,1571,7798.0,1975,yes,no,2023,617000
Repentigny,Le Gardeur,Duplex,5,2,1574,4303.0,2011,yes,yes,2025,721000
Laval,Fabreville,Single Family,2,3,1502,4764.0,1974,yes,yes,2024,643000
Brossard,Secteur C,Duplex,6,3,1728,6091.0,1980,yes,yes,2023,590000
Montréal,NDG,Single Family,5,4,911,5558.0,2006,yes,yes,2023,509000
Longueuil,Greenfield Park,Single Family,5,3,1645,9214.0,2020,yes,yes,2021,682000
Québec,Sillery,Single Family,4,3,1101,7247.0,1963,yes,no,2022,342000
Val-d'Or,Val-d'Or Centre,Single Family,3,4,1621,11042.0,1981,yes,yes,2025,451000
Laval,Vimont,Single Family,3,3,1113,4966.0,2020,yes,yes,2023,538000
Châteauguay,Centre-Ville,Single Family,5,2,1284,8412.0,2007,no,yes,2025,401000
Montréal,Outremont,Single Family,4,2,1366,7473.0,1959,no,yes,2022,549000
Montréal,Pointe-aux-Trembles,Single Family,3,2,1609,5526.0,1977,yes,yes,2025,611000
Laval,Chomedey,Single Family,2,2,1726,8111.0,1960,no,yes,2023,583000
Montréal,Mercier,Townhouse,3,2,1045,1935.0,2007,no,yes,2023,385000
Granby,Centre-Ville,Duplex,4,3,1722,4575.0,1994,yes,yes,2022,472000
Québec,Sainte-Foy,Single Family,4,2,1226,8903.0,1981,no,yes,2022,352000
Trois-Rivières,Trois-Rivières-Ouest,Single Family,5,3,1597,4061.0,2015,yes,no,2023,359000
Blainville,Blainville Centre,Single Family,4,1,1406,7257.0,1976,yes,yes,2023,419000
Longueuil,Saint-Hubert,Duplex,5,3,1658,3755.0,2020,yes,yes,2023,730000
Longueuil,Greenfield Park,Single Family,6,3,1578,7212.0,1970,no,yes,2021,607000
Laval,Vimont,Duplex,5,3,2175,5677.0,1995,no,yes,2023,726000
Saint-Jean-sur-Richelieu,Iberville,Single Family,4,2,1103,14175.0,1964,yes,yes,2025,352000
Saguenay,La Baie,Single Family,3,3,1794,13014.0,1983,yes,yes,2025,360000
Brossard,Solar Uniquartier,Single Family,3,3,1201,3752.0,1965,no,yes,2024,547000
Vaudreuil-Dorion,Centre-Ville,Single Family,4,3,899,11979.0,1994,no,yes,2021,312000
Val-d'Or,Val-d'Or Centre,Duplex,4,3,1528,6254.0,1982,yes,yes,2023,266000
Longueuil,Vieux-Longueuil,Townhouse,2,2,1199,2819.0,1955,yes,yes,2024,418000
Québec,Charlesbourg,Duplex,4,2,1836,4820.0,1943,yes,yes,2024,481000
Gatineau,Buckingham,Townhouse,3,1,1039,3706.0,1979,yes,no,2024,465000
Laval,Chomedey,Townhouse,3,1,799,1995.0,2018,yes,yes,2024,399000
Québec,Limoilou,Townhouse,4,2,1265,3063.0,1971,yes,yes,2025,420000
Saint-Jean-sur-Richelieu,Iberville,Single Family,5,3,1217,9429.0,1988,yes,yes,2022,336000
Laval,Pont-Viau,Townhouse,3,2,1048,3993.0,2002,no,yes,2025,427000
Longueuil,Vieux-Longueuil,Single Family,5,3,1371,8739.0,2018,yes,yes,2022,578000
Trois-Rivières,Centre-Ville,Triplex,6,4,2258,3661.0,1985,yes,yes,2025,592000
Sherbrooke,Centre-Ville,Townhouse,3,2,1058,4394.0,2017,yes,no,2025,351000
Boucherville,Boucherville Centre,Single Family,3,4,1422,6407.0,1961,no,yes,2025,704000
Laval,Pont-Viau,Single Family,2,2,1825,8040.0,1992,yes,no,2021,566000
Québec,Charlesbourg,Single Family,2,3,1946,7464.0,1988,yes,yes,2025,534000
Dollard-des-Ormeaux,West Island,Single Family,5,3,1347,10954.0,1974,yes,yes,2023,576000
Saguenay,La Baie,Single Family,4,2,1268,10392.0,1959,yes,no,2024,233000
Québec,Lebourgneuf,Single Family,2,3,1812,10545.0,1983,yes,yes,2025,492000
Montréal,Mercier,Single Family,5,3,1467,10254.0,2004,no,yes,2023,661000
Laval,Sainte-Dorothée,Single Family,4,3,1728,7420.0,1970,no,no,2021,593000
Montréal,Villeray,Single Family,4,2,945,12588.0,2017,no,yes,2022,415000
Brossard,Solar Uniquartier,Single Family,5,2,972,7235.0,1991,yes,yes,2024,516000
Laval,Fabreville,Single Family,3,2,1622,8753.0,1979,yes,yes,2021,580000
Trois-Rivières,Cap-de-la-Madeleine,Single Family,5,3,1074,6699.0,1998,yes,no,2022,299000
Saguenay,La Baie,Duplex,5,4,2131,4180.0,2004,yes,no,2025,360000
Montréal,LaSalle,Single Family,3,3,1184,6006.0,2019,yes,yes,2023,534000
Dollard-des-Ormeaux,West Island,Single Family,3,3,1879,7702.0,1989,yes,yes,2022,689000
Boucherville,Boucherville Centre,Triplex,6,5,1932,4603.0,1989,yes,no,2024,742000
Laval,Sainte-Dorothée,Townhouse,2,1,1058,3961.0,1956,yes,no,2024,509000
Brossard,Secteur A,Duplex,4,4,2073,4789.0,2013,yes,no,2024,836000
Longueuil,Saint-Hubert,Townhouse,3,2,1127,4292.0,1957,yes,yes,2021,469000
Sherbrooke,Rock Forest,Single Family,3,2,1673,9585.0,1957,yes,yes,2024,474000
Laval,Vimont,Single Family,4,2,1778,5162.0,2002,yes,yes,2024,719000
Pointe-Claire,West Island,Duplex,4,2,2126,6131.0,2002,no,yes,2022,614000
Gatineau,Hull,Duplex,4,3,1402,4001.0,1994,yes,no,2024,468000
Longueuil,Saint-Hubert,Townhouse,4,2,993,3065.0,2012,yes,yes,2025,472000
Longueuil,Le Vieux-Longueuil,Bungalow,3,2,1080,3199.0,1980,yes,yes,2021,450000
Québec,Charlesbourg,Townhouse,4,2,1093,4068.0,1968,no,yes,2025,376000
Blainville,Blainville Centre,Duplex,5,3,1619,3759.0,1958,yes,yes,2023,499000
Québec,Limoilou,Single Family,4,2,1141,7539.0,1999,yes,yes,2024,432000
Montréal,Ahuntsic,Single Family,3,3,1735,9269.0,1992,yes,yes,2025,767000
Montréal,NDG,Single Family,5,2,1584,7992.0,1971,no,yes,2021,528000
Drummondville,Centre-Ville,Duplex,5,3,1568,4314.0,2003,yes,yes,2023,383000
Montréal,Saint-Léonard,Townhouse,3,1,1253,3252.0,1960,yes,yes,2024,389000
Laval,Duvernay,Duplex,4,3,1846,5000.0,2015,yes,no,2024,814000
Québec,Vanier,Duplex,5,4,2083,6756.0,2005,yes,yes,2025,478000
Laval,Pont-Viau,Single Family,4,4,1104,14054.0,2015,yes,yes,2025,746000
Candiac,Candiac Centre,Single Family,3,3,1262,5670.0,2006,yes,no,2025,556000
Sherbrooke,Fleurimont,Triplex,7,3,2287,5175.0,1962,yes,no,2021,595000
Québec,Sillery,Single Family,4,3,1088,8382.0,1958,no,no,2025,378000
Rouyn-Noranda,Rouyn Centre,Duplex,3,3,1299,6018.0,1992,yes,yes,2025,448000
Longueuil,Le Vieux-Longueuil,Single Family,5,1,1138,9113.0,1967,no,yes,2025,500000
Trois-Rivières,Centre-Ville,Townhouse,3,1,1208,3677.0,2013,yes,yes,2025,308000
Candiac,Candiac Centre,Single Family,3,3,1238,7401.0,1961,yes,yes,2025,537000
Laval,Duvernay,Single Family,5,3,1572,7268.0,2005,no,yes,2022,468000
Montréal,Verdun,Single Family,5,3,1073,7472.0,2018,yes,yes,2022,458000
Longueuil,Vieux-Longueuil,Single Family,5,3,1085,7739.0,2003,no,yes,2024,549000
Montréal,Verdun,Single Family,5,3,1216,3050.0,1959,yes,yes,2025,632000
Québec,Sillery,Single Family,3,2,1664,4898.0,1920,yes,yes,2024,424000
Montréal,NDG,Single Family,3,4,1346,9523.0,1939,yes,yes,2025,634000
Vaudreuil-Dorion,Centre-Ville,Duplex,4,3,1716,3085.0,2008,no,yes,2025,581000
Repentigny,Repentigny Centre,Duplex,4,3,1805,5022.0,1981,yes,yes,2024,828000
Gatineau,Gatineau Centre,Single Family,2,3,995,6941.0,1955,yes,yes,2025,463000
Pointe-Claire,West Island,Triplex,7,6,2599,7807.0,2004,no,no,2022,896000
Saint-Jérôme,Centre-Ville,Townhouse,3,2,1143,3032.0,1974,yes,yes,2023,293000
Vaudreuil-Dorion,Centre-Ville,Townhouse,2,2,1250,2388.0,1993,yes,no,2021,307000
Châteauguay,Centre-Ville,Single Family,4,2,1505,7205.0,1980,no,yes,2023,479000
Laval,Sainte-Dorothée,Bungalow,3,1,1207,5064.0,1999,no,yes,2025,600000
Montréal,Saint-Léonard,Single Family,3,1,1726,3123.0,1901,yes,yes,2023,496000
Montréal,NDG,Duplex,5,3,1445,4956.0,1987,yes,yes,2025,790000
Sherbrooke,Rock Forest,Townhouse,2,2,880,3016.0,1988,yes,no,2023,253000
Montréal,Plateau-Mont-Royal,Single Family,3,3,1695,6716.0,1959,no,yes,2025,691000
Laval,Vimont,Triplex,6,5,2148,5483.0,2009,no,yes,2025,1168000
Pointe-Claire,West Island,Townhouse,3,2,1115,1842.0,2015,no,yes,2023,430000
Montréal,Plateau-Mont-Royal,Single Family,3,3,1640,5458.0,2019,yes,no,2024,714000
Montréal,Ville-Marie,Single Family,6,2,1850,4863.0,1982,no,yes,2023,745000
Blainville,Blainville Centre,Single Family,4,2,1418,11839.0,1986,yes,no,2023,449000
Saint-Jérôme,Bellefeuille,Single Family,4,2,1902,4175.0,2020,yes,yes,2025,424000
Québec,Vanier,Single Family,4,2,1621,5504.0,1924,yes,yes,2022,338000
Longueuil,Vieux-Longueuil,Duplex,4,3,1671,7339.0,1970,yes,yes,2025,848000
Granby,Centre-Ville,Duplex,5,3,1889,4500.0,2001,yes,yes,2024,663000
Saint-Bruno-de-Montarville,Centre-Ville,Single Family,5,2,1290,4643.0,2005,yes,yes,2025,547000
Gatineau,Gatineau Centre,Duplex,4,3,1832,2923.0,1986,yes,yes,2024,643000
Gatineau,Buckingham,Single Family,4,2,1886,6234.0,1983,yes,yes,2024,661000
Dollard-des-Ormeaux,West Island,Duplex,4,3,1830,4647.0,2020,yes,yes,2024,545000
Laval,Chomedey,Triplex,7,4,1867,4972.0,1973,yes,yes,2024,801000
Longueuil,Greenfield Park,Triplex,6,4,2024,4501.0,2006,yes,yes,2021,789000
Repentigny,Repentigny Centre,Townhouse,3,2,983,2928.0,1999,yes,yes,2024,416000
Mirabel,Saint-Canut,Single Family,4,4,1475,5938.0,1971,yes,no,2023,431000
Sherbrooke,Fleurimont,Duplex,5,2,1676,4097.0,2019,yes,no,2024,432000
Repentigny,Repentigny Centre,Single Family,5,1,1878,12413.0,1970,yes,yes,2024,795000
Montréal,Villeray,Single Family,5,2,1380,6710.0,2020,yes,yes,2025,703000
Québec,Lebourgneuf,Townhouse,3,2,1193,2549.0,1946,yes,yes,2024,272000
Laval,Chomedey,Single Family,4,1,1358,11230.0,1997,yes,yes,2021,486000
Trois-Rivières,Trois-Rivières-Ouest,Single Family,4,4,1155,7559.0,2013,yes,yes,2022,293000
Laval,Pont-Viau,Single Family,2,3,1271,8983.0,1994,yes,yes,2024,616000
Longueuil,Saint-Hubert,Single Family,4,2,1725,10043.0,1991,yes,yes,2024,658000
Montréal,Ville-Marie,Duplex,4,2,1728,4807.0,2002,yes,yes,2023,630000
Longueuil,Le Vieux-Longueuil,Duplex,5,3,2082,6544.0,2023,yes,yes,2024,755000
Vaudreuil-Dorion,Centre-Ville,Triplex,6,6,2693,6698.0,2004,no,yes,2025,869000
Pointe-Claire,West Island,Single Family,5,3,1579,5562.0,1986,yes,no,2023,548000
Québec,Vanier,Duplex,5,4,1966,5280.0,1965,yes,yes,2023,462000
Montréal,Saint-Léonard,Single Family,2,3,1720,9034.0,2015,no,yes,2025,824000
Terrebonne,La Plaine,Single Family,4,2,1251,5634.0,1975,yes,yes,2021,492000
Montréal,Outremont,Single Family,3,2,2128,9079.0,1951,no,yes,2022,685000
Montréal,Mercier,Single Family,5,3,1657,7247.0,1943,no,yes,2024,659000
Brossard,Secteur C,Single Family,4,4,1538,8468.0,1984,yes,yes,2025,628000
Trois-Rivières,Centre-Ville,Single Family,4,2,1157,7467.0,2007,yes,yes,2025,333000
Saint-Jean-sur-Richelieu,Centre-Ville,Townhouse,4,2,870,3162.0,1970,yes,yes,2025,198000
Laval,Fabreville,Bungalow,3,1,1100,3399.0,1989,no,yes,2025,670000
Laval,Fabreville,Townhouse,2,2,1219,2833.0,1969,yes,yes,2024,403000
Montréal,Pointe-aux-Trembles,Single Family,5,3,1000,10697.0,2022,yes,yes,2025,485000
Gatineau,Buckingham,Townhouse,2,1,1324,2553.0,1968,yes,yes,2025,452000
Montréal,Saint-Léonard,Single Family,4,4,1746,7459.0,1942,yes,yes,2024,650000
Montréal,NDG,Triplex,5,5,2309,4749.0,2001,yes,no,2022,955000
Québec,Limoilou,Duplex,5,3,2084,5837.0,2020,no,no,2021,312000
Saint-Jérôme,Bellefeuille,Single Family,3,1,1205,3690.0,1989,no,yes,2022,282000
Mirabel,Saint-Canut,Single Family,4,2,1619,4201.0,2002,yes,yes,2024,575000
Longueuil,Le Vieux-Longueuil,Single Family,3,4,1711,8785.0,1989,yes,yes,2023,777000
Montréal,Saint-Léonard,Townhouse,3,2,1081,2775.0,1925,no,no,2022,378000
Lévis,Lévis Centre,Bungalow,2,2,833,5890.0,2014,yes,yes,2022,243000
Montréal,LaSalle,Single Family,4,2,1216,7695.0,1945,yes,yes,2021,438000
Québec,Sillery,Single Family,4,3,1264,5099.0,2007,yes,yes,2024,397000
Longueuil,Vieux-Longueuil,Single Family,3,3,1768,5964.0,1967,yes,yes,2025,902000
Saguenay,Jonquière,Single Family,5,2,1330,8476.0,2010,yes,yes,2025,370000
Montréal,LaSalle,Townhouse,3,2,945,3288.0,1989,yes,yes,2022,306000
Boucherville,Boucherville Centre,Single Family,3,2,1706,7027.0,1996,no,no,2022,498000
Blainville,Blainville Centre,Bungalow,2,2,1163,4752.0,2019,yes,yes,2023,441000
Lévis,Charny,Single Family,3,3,1540,7946.0,2017,yes,yes,2024,501000
Saint-Bruno-de-Montarville,Centre-Ville,Duplex,6,3,1542,5469.0,1960,yes,yes,2024,715000
Lévis,Lévis Centre,Single Family,5,3,1760,6053.0,1966,no,no,2021,363000
Montréal,Verdun,Single Family,6,2,1581,6296.0,1991,no,yes,2023,590000
Saint-Bruno-de-Montarville,Centre-Ville,Triplex,5,5,2185,3976.0,2010,no,no,2024,935000
Repentigny,Repentigny Centre,Duplex,4,3,1512,6262.0,2019,yes,no,2024,743000
Terrebonne,Terrebonne Ouest,Single Family,3,3,1520,8161.0,1983,no,yes,2021,538000
Boucherville,Boucherville Centre,Single Family,4,3,1562,9041.0,2021,yes,yes,2025,640000
Québec,Beauport,Single Family,4,2,1748,10684.0,2001,yes,yes,2024,561000
Trois-Rivières,Centre-Ville,Single Family,5,2,1786,6060.0,1968,no,no,2025,468000
Granby,Centre-Ville,Townhouse,3,3,1161,3040.0,2016,yes,yes,2022,280000
Baie-Comeau,Baie-Comeau Centre,Townhouse,3,2,1322,4233.0,2020,no,yes,2021,148000
Granby,Centre-Ville,Townhouse,3,1,1078,2497.0,2009,yes,yes,2024,375000
Montréal,Lachine,Duplex,4,3,1617,3443.0,2014,yes,no,2025,858000
Montréal,Verdun,Single Family,4,3,1280,4065.0,1952,yes,yes,2025,415000
Laval,Sainte-Dorothée,Single Family,4,2,1249,5925.0,2018,yes,yes,2022,432000
Québec,Lebourgneuf,Single Family,5,2,1411,6210.0,1958,yes,yes,2021,317000
Québec,Sillery,Duplex,4,3,1581,4635.0,1903,yes,yes,2023,387000
Laval,Sainte-Dorothée,Single Family,5,3,1191,6419.0,2007,yes,yes,2025,694000
Montréal,Outremont,Townhouse,3,3,985,2341.0,1982,yes,yes,2025,443000
Longueuil,Le Vieux-Longueuil,Single Family,4,1,1797,8438.0,1996,no,yes,2024,751000
Dollard-des-Ormeaux,West Island,Single Family,4,3,1942,11363.0,1957,no,yes,2022,557000
Montréal,Hochelaga-Maisonneuve,Single Family,4,2,1429,7869.0,1997,no,yes,2021,474000
Drummondville,Centre-Ville,Single Family,3,2,1268,6592.0,1987,yes,yes,2021,227000
Blainville,Blainville Centre,Single Family,5,4,1479,6257.0,1965,yes,no,2023,520000
Montréal,Pointe-aux-Trembles,Triplex,6,5,2509,4444.0,1978,no,yes,2025,1229000
Longueuil,Le Vieux-Longueuil,Triplex,5,5,2445,3138.0,2012,yes,yes,2025,1172000
Pointe-Claire,West Island,Townhouse,3,2,948,2339.0,2018,no,no,2021,280000
Longueuil,Greenfield Park,Townhouse,3,1,1104,4203.0,1977,yes,yes,2023,363000
Montréal,Hochelaga-Maisonneuve,Single Family,3,3,1458,5166.0,1979,yes,yes,2025,609000
Pointe-Claire,West Island,Single Family,4,3,1135,5363.0,2001,yes,yes,2023,629000
Drummondville,Centre-Ville,Townhouse,3,1,874,2762.0,2010,yes,yes,2025,235000
Québec,Sillery,Townhouse,3,2,1092,1769.0,1934,yes,yes,2025,342000
Longueuil,Greenfield Park,Single Family,2,2,1280,4363.0,2013,yes,yes,2021,582000
Dollard-des-Ormeaux,West Island,Townhouse,4,3,1218,2382.0,1979,yes,yes,2023,459000
Laval,Duvernay,Duplex,4,2,1276,4610.0,1967,no,no,2022,471000
Montréal,Ahuntsic,Townhouse,3,2,1094,3172.0,2007,yes,yes,2025,428000
Laval,Fabreville,Townhouse,3,3,1365,3493.0,2021,yes,yes,2023,460000
Laval,Vimont,Single Family,4,4,1320,6075.0,2008,yes,yes,2025,620000
Québec,Charlesbourg,Townhouse,4,2,989,2221.0,1917,no,no,2023,288000
Laval,Fabreville,Townhouse,2,1,1162,3441.0,1972,yes,yes,2021,518000
Montréal,Outremont,Duplex,5,3,1818,4558.0,1968,no,no,2025,849000
Terrebonne,Terrebonne Ouest,Duplex,4,3,1787,3192.0,1997,no,yes,2023,697000
Laval,Fabreville,Single Family,3,3,1821,8271.0,1971,yes,yes,2025,850000
Québec,Vanier,Single Family,4,4,1022,8396.0,1948,yes,yes,2024,393000
Laval,Pont-Viau,Single Family,3,3,1038,5223.0,1961,yes,yes,2025,617000
Montréal,Saint-Léonard,Single Family,5,2,1442,8917.0,1961,no,no,2024,666000
Victoriaville,Centre-Ville,Townhouse,4,2,1273,3945.0,1994,yes,yes,2024,315000
Longueuil,Greenfield Park,Duplex,3,3,1585,5455.0,2021,yes,yes,2025,757000
Boucherville,Boucherville Centre,Single Family,5,2,1071,9991.0,2017,yes,yes,2025,594000
Repentigny,Le Gardeur,Single Family,4,2,1237,5236.0,1956,yes,yes,2024,525000
Montréal,Villeray,Single Family,4,3,1832,4898.0,1981,no,no,2025,662000
Montréal,NDG,Townhouse,3,2,1094,2760.0,2009,yes,yes,2024,451000
Longueuil,Saint-Hubert,Townhouse,3,1,1273,3502.0,2007,no,no,2022,488000
Québec,Sillery,Townhouse,3,2,1229,2748.0,1977,yes,no,2023,271000
Terrebonne,La Plaine,Duplex,5,3,2030,4160.0,1998,no,yes,2022,686000
Laval,Sainte-Dorothée,Single Family,5,3,1577,10327.0,2010,yes,no,2024,782000
Blainville,Blainville Centre,Duplex,4,4,1646,6115.0,1972,no,yes,2025,530000
Lévis,Lévis Centre,Single Family,4,3,1725,5393.0,1965,no,yes,2025,514000
Montréal,Ville-Marie,Single Family,3,4,1997,7751.0,1929,no,yes,2025,787000
Saint-Jérôme,Centre-Ville,Townhouse,2,1,1049,3943.0,1991,yes,no,2023,274000
Pointe-Claire,West Island,Townhouse,3,1,1011,2749.0,1999,yes,yes,2022,397000
Montréal,Plateau-Mont-Royal,Single Family,5,2,1554,3752.0,1988,no,yes,2025,626000
Québec,Sainte-Foy,Duplex,5,3,1351,3673.0,1916,yes,yes,2025,327000
Québec,Vanier,Single Family,3,3,972,5589.0,1945,yes,no,2023,320000
Laval,Fabreville,Single Family,2,2,1350,14152.0,1978,yes,yes,2025,718000
Repentigny,Repentigny Centre,Triplex,7,4,2398,5712.0,1968,yes,no,2024,1090000
Longueuil,Saint-Hubert,Triplex,5,4,2616,3711.0,1955,yes,yes,2025,1186000
Brossard,Secteur B,Single Family,4,3,917,9212.0,1978,no,yes,2024,547000
Brossard,Secteur C,Townhouse,4,1,1122,3074.0,2014,yes,no,2021,335000
Saguenay,La Baie,Single Family,5,3,1806,5847.0,1959,yes,yes,2022,355000
Montréal,Rosemont,Single Family,5,2,1927,7942.0,1960,yes,yes,2022,578000
Saguenay,Jonquière,Townhouse,2,2,896,2602.0,1967,yes,no,2023,200000
Montréal,Rosemont,Single Family,4,3,1539,3669.0,2019,yes,no,2021,408000
Laval,Pont-Viau,Single Family,3,3,1648,10396.0,2000,yes,yes,2024,667000
Longueuil,Vieux-Longueuil,Duplex,4,3,1626,4318.0,1997,yes,yes,2025,913000
Sherbrooke,Rock Forest,Single Family,3,2,1839,11102.0,1991,no,yes,2022,419000
Gatineau,Buckingham,Single Family,4,3,1815,4832.0,1978,no,yes,2025,601000
Brossard,Secteur C,Single Family,5,3,1310,6575.0,2016,yes,yes,2025,638000
Montréal,Ahuntsic,Duplex,4,3,1364,4634.0,1987,no,yes,2025,616000
Gatineau,Aylmer,Single Family,4,2,1472,7474.0,1958,yes,yes,2024,582000
Montréal,Villeray,Townhouse,3,2,992,3110.0,1955,yes,yes,2023,362000
Sherbrooke,Rock Forest,Single Family,5,3,1188,10178.0,1967,no,yes,2025,430000
Montréal,Saint-Léonard,Duplex,3,3,1607,3493.0,1962,no,yes,2023,579000
Québec,Sainte-Foy,Duplex,3,3,1481,5483.0,1968,no,yes,2022,365000
Blainville,Blainville Centre,Single Family,4,2,1364,6879.0,2002,yes,yes,2025,530000
Gatineau,Buckingham,Single Family,5,2,1608,10108.0,1955,yes,yes,2025,791000
Trois-Rivières,Cap-de-la-Madeleine,Single Family,3,3,1579,12384.0,1965,yes,yes,2024,423000
Montréal,Ville-Marie,Single Family,5,1,1324,6584.0,1959,yes,yes,2024,556000
Laval,Duvernay,Single Family,5,1,1615,6867.0,1960,yes,yes,2024,621000
Repentigny,Repentigny Centre,Single Family,4,2,1512,13971.0,1974,yes,yes,2023,555000
Montréal,Villeray,Single Family,4,2,1325,6509.0,1969,yes,yes,2023,528000
Montréal,Villeray,Single Family,4,3,1351,5323.0,1986,yes,yes,2023,506000
Saint-Jérôme,Centre-Ville,Townhouse,2,2,970,2938.0,1976,no,yes,2023,218000
Laval,Duvernay,Single Family,4,3,1092,3908.0,1965,yes,no,2022,368000
Saint-Jérôme,Centre-Ville,Single Family,3,1,1011,7134.0,1984,yes,yes,2025,332000
Repentigny,Repentigny Centre,Single Family,2,3,1954,11598.0,1955,yes,yes,2022,634000
Trois-Rivières,Cap-de-la-Madeleine,Single Family,3,2,1875,7070.0,2009,yes,yes,2024,464000
Laval,Fabreville,Single Family,3,3,1493,5617.0,1965,yes,yes,2024,588000
Longueuil,Greenfield Park,Townhouse,4,2,912,2058.0,1989,yes,no,2025,447000
Montréal,Villeray,Townhouse,3,2,940,3231.0,1965,no,yes,2025,384000
Blainville,Blainville Centre,Single Family,3,2,1565,8652.0,2018,yes,no,2024,588000
Trois-Rivières,Centre-Ville,Single Family,5,2,1075,3571.0,2014,yes,yes,2022,206000
Longueuil,Greenfield Park,Single Family,4,2,1160,10576.0,2002,yes,yes,2024,579000
Boucherville,Boucherville Centre,Single Family,5,3,1756,7295.0,2023,yes,yes,2024,726000
Blainville,Blainville Centre,Single Family,3,3,1225,7210.0,2020,yes,yes,2021,392000
Longueuil,Greenfield Park,Townhouse,3,2,1097,3255.0,1973,yes,yes,2024,442000
Laval,Duvernay,Single Family,3,2,1129,5704.0,1980,yes,no,2022,452000
Brossard,Secteur A,Townhouse,3,2,1113,2482.0,1962,yes,yes,2022,335000
Québec,Sillery,Single Family,6,3,1320,8703.0,1953,no,no,2025,511000
Montréal,Pointe-aux-Trembles,Single Family,4,4,1012,8498.0,1940,yes,yes,2024,459000
Baie-Comeau,Baie-Comeau Centre,Duplex,4,2,1853,4192.0,2020,yes,no,2022,155000
Laval,Pont-Viau,Duplex,4,3,1403,2705.0,1962,no,yes,2025,745000
Longueuil,Vieux-Longueuil,Single Family,3,1,1540,7321.0,1971,yes,yes,2025,887000
Montréal,Pointe-aux-Trembles,Duplex,4,3,1922,3924.0,1964,no,yes,2025,791000
Terrebonne,La Plaine,Townhouse,3,2,1063,2064.0,1999,yes,no,2022,440000
Québec,Vanier,Duplex,5,3,1618,4969.0,1977,yes,yes,2023,406000
Trois-Rivières,Cap-de-la-Madeleine,Single Family,4,4,1279,10815.0,1963,yes,yes,2023,351000
Laval,Chomedey,Single Family,5,2,2057,4778.0,2009,yes,yes,2022,715000
Sherbrooke,Rock Forest,Duplex,4,2,1860,4358.0,2006,yes,no,2022,371000
Longueuil,Vieux-Longueuil,Townhouse,2,2,1125,2561.0,1968,no,yes,2025,516000
Terrebonne,La Plaine,Duplex,5,3,1548,3165.0,1977,yes,no,2023,649000
Trois-Rivières,Cap-de-la-Madeleine,Triplex,8,4,2395,6351.0,2022,yes,no,2023,527000
Québec,Vanier,Single Family,4,3,962,8615.0,2001,yes,no,2022,245000
Montréal,Plateau-Mont-Royal,Duplex,5,3,1823,4214.0,1934,yes,yes,2025,965000
Québec,Sillery,Single Family,4,3,1958,4608.0,1972,yes,yes,2024,448000
Laval,Duvernay,Single Family,3,3,1440,10568.0,1984,yes,yes,2024,701000
Repentigny,Repentigny Centre,Single Family,6,3,1348,14775.0,1972,yes,no,2025,758000
Québec,Sainte-Foy,Single Family,4,2,1647,5346.0,1902,yes,yes,2025,491000
Montréal,NDG,Single Family,6,3,1388,5781.0,1999,no,yes,2025,747000
Sherbrooke,Lennoxville,Duplex,5,3,1635,5167.0,2011,yes,yes,2025,502000
Montréal,Plateau-Mont-Royal,Single Family,3,3,1681,7031.0,1972,yes,yes,2025,699000
Saint-Jérôme,Centre-Ville,Single Family,3,2,1055,12727.0,1989,yes,no,2022,318000
Montréal,Rosemont,Single Family,5,2,1589,4623.0,2000,no,yes,2024,567000
Blainville,Blainville Centre,Townhouse,3,2,1342,3317.0,1987,yes,yes,2023,377000
Saint-Jérôme,Bellefeuille,Duplex,4,3,2090,4229.0,1974,yes,yes,2021,366000
Saint-Jean-sur-Richelieu,Centre-Ville,Single Family,5,2,1211,12018.0,2002,no,no,2023,309000
Drummondville,Saint-Charles,Townhouse,3,2,978,1921.0,1972,yes,yes,2025,285000
Québec,Beauport,Single Family,4,3,1538,12547.0,1984,no,yes,2024,470000
Blainville,Blainville Centre,Single Family,4,3,1530,5825.0,1989,no,no,2024,444000
Sherbrooke,Fleurimont,Single Family,2,2,1217,5220.0,2002,yes,yes,2021,277000
Québec,Sillery,Duplex,4,3,1841,4944.0,1975,yes,yes,2023,452000
Mirabel,Sainte-Monique,Single Family,4,1,1784,5965.0,1985,yes,yes,2025,590000
Montréal,NDG,Townhouse,4,2,1191,2791.0,1923,no,yes,2023,397000
Victoriaville,Centre-Ville,Single Family,6,2,1758,5908.0,1996,yes,yes,2025,601000
Longueuil,Saint-Hubert,Single Family,4,3,1304,9280.0,1984,yes,yes,2025,635000
Terrebonne,Lachenaie,Single Family,4,4,2057,5116.0,2015,yes,yes,2024,817000
Trois-Rivières,Cap-de-la-Madeleine,Duplex,3,3,2005,2647.0,1968,yes,no,2025,386000
Laval,Duvernay,Townhouse,2,2,888,2736.0,1975,yes,yes,2022,418000
Montréal,Outremont,Single Family,3,4,1843,10136.0,1970,no,yes,2021,470000
Mirabel,Sainte-Monique,Single Family,3,1,1121,7529.0,1975,yes,yes,2024,499000
Sherbrooke,Lennoxville,Townhouse,3,2,1187,2728.0,2012,yes,no,2023,339000
Terrebonne,Lachenaie,Single Family,3,3,1390,4953.0,1955,no,yes,2024,661000
Sherbrooke,Centre-Ville,Townhouse,3,2,1080,3100.0,1983,yes,yes,2025,337000
Montréal,Outremont,Single Family,5,4,1540,7664.0,1939,no,no,2021,506000
Longueuil,Vieux-Longueuil,Single Family,4,3,1650,6115.0,1958,yes,yes,2022,584000
Montréal,Ville-Marie,Single Family,5,2,1557,9155.0,1978,no,yes,2024,732000
Québec,Lebourgneuf,Single Family,3,2,1687,4686.0,2018,no,no,2024,509000
Saint-Jérôme,Centre-Ville,Single Family,2,4,1783,8298.0,2017,yes,yes,2024,506000
Sept-Îles,Sept-Îles Centre,Townhouse,3,2,947,1703.0,1970,no,yes,2022,130000
Montréal,Verdun,Duplex,5,3,1550,5810.0,1974,no,no,2024,760000
Longueuil,Le Vieux-Longueuil,Single Family,6,2,1354,3620.0,1958,yes,yes,2021,424000
Drummondville,Centre-Ville,Single Family,3,3,1559,7574.0,1957,yes,yes,2024,396000
Victoriaville,Centre-Ville,Duplex,5,4,1568,5537.0,2023,yes,no,2024,506000
Laval,Pont-Viau,Single Family,4,2,1752,4373.0,2012,yes,yes,2025,690000
Dollard-des-Ormeaux,West Island,Single Family,4,3,1227,10037.0,1983,yes,yes,2021,535000
Terrebonne,La Plaine,Single Family,5,3,1718,5491.0,1964,no,yes,2024,708000
Brossard,Secteur A,Townhouse,2,3,969,2168.0,2019,yes,yes,2024,434000
Montréal,NDG,Townhouse,3,2,1331,2188.0,1925,no,yes,2022,401000
Montréal,Villeray,Duplex,5,3,1507,6630.0,2014,no,no,2023,566000
Lévis,Saint-Nicolas,Single Family,3,2,1816,9470.0,2021,yes,yes,2024,492000
Montréal,Lachine,Single Family,5,2,1225,6994.0,2012,yes,yes,2024,601000
Val-d'Or,Val-d'Or Centre,Single Family,4,2,1577,7829.0,1978,yes,yes,2022,262000
Trois-Rivières,Trois-Rivières-Ouest,Townhouse,3,2,1084,2454.0,1960,yes,yes,2021,183000
Val-d'Or,Val-d'Or Centre,Triplex,7,4,2169,5008.0,1982,no,yes,2021,246000
Montréal,Ville-Marie,Bungalow,3,1,1217,7767.0,2005,no,yes,2022,439000
Longueuil,Greenfield Park,Single Family,3,2,1272,6292.0,2002,yes,no,2023,535000
Montréal,Ville-Marie,Duplex,6,3,1938,3825.0,1933,no,yes,2021,675000
Montréal,NDG,Single Family,4,4,1149,5465.0,1989,yes,yes,2023,655000
Gatineau,Hull,Single Family,4,2,1529,8329.0,2020,no,yes,2023,669000
Québec,Beauport,Single Family,3,2,1798,7318.0,1924,yes,no,2023,372000
Laval,Sainte-Dorothée,Single Family,5,4,1411,12871.0,1984,no,yes,2025,725000
Drummondville,Centre-Ville,Townhouse,3,2,1165,2834.0,2012,yes,yes,2025,345000
Longueuil,Vieux-Longueuil,Single Family,4,2,1001,6684.0,1955,yes,yes,2021,445000
Montréal,Ahuntsic,Single Family,5,3,1431,5487.0,1923,no,yes,2021,412000
Sherbrooke,Rock Forest,Townhouse,3,2,1193,4238.0,1968,no,yes,2023,278000
Montréal,Ville-Marie,Townhouse,3,3,1245,2266.0,1968,no,yes,2025,463000
Repentigny,Repentigny Centre,Single Family,2,2,2113,13029.0,1998,yes,yes,2023,820000
Brossard,Secteur B,Townhouse,3,3,1159,4210.0,1988,no,yes,2024,484000
Trois-Rivières,Cap-de-la-Madeleine,Triplex,7,4,2227,4479.0,2018,no,no,2021,413000
Montréal,Pointe-aux-Trembles,Single Family,3,1,1822,4736.0,1983,yes,yes,2022,653000
Granby,Centre-Ville,Bungalow,3,2,1125,4852.0,1994,no,yes,2022,387000
Longueuil,Vieux-Longueuil,Single Family,3,3,1453,4206.0,1970,yes,yes,2025,627000
Saint-Jean-sur-Richelieu,Iberville,Single Family,4,1,1289,9170.0,1981,no,yes,2025,340000
Sherbrooke,Rock Forest,Single Family,5,2,1486,5941.0,1964,yes,no,2024,376000
Sherbrooke,Fleurimont,Duplex,5,3,1841,4895.0,2011,no,yes,2024,457000
Drummondville,Centre-Ville,Single Family,6,2,1424,6133.0,1958,yes,yes,2025,423000
Longueuil,Vieux-Longueuil,Duplex,4,3,1322,6117.0,1964,yes,yes,2023,647000
Longueuil,Saint-Hubert,Single Family,4,3,1345,6332.0,2019,yes,no,2025,830000
Laval,Fabreville,Townhouse,3,2,1144,2945.0,1975,yes,yes,2025,511000
Montréal,Lachine,Single Family,5,2,1518,12209.0,1941,yes,yes,2024,742000
Lévis,Charny,Single Family,6,3,1690,5144.0,1979,yes,yes,2022,337000
Québec,Limoilou,Single Family,4,3,1405,8231.0,1929,yes,yes,2023,395000
Brossard,Secteur C,Townhouse,2,1,1023,2696.0,2004,yes,no,2022,322000
Montréal,Villeray,Duplex,4,3,1722,4515.0,2012,yes,yes,2023,681000
Sherbrooke,Fleurimont,Duplex,6,4,1442,2607.0,2021,yes,yes,2024,458000
Longueuil,Le Vieux-Longueuil,Single Family,4,3,847,7822.0,2003,yes,no,2025,598000
Québec,Beauport,Single Family,4,2,1784,3574.0,1991,no,yes,2023,466000
Montréal,Verdun,Single Family,4,3,1271,8504.0,1998,yes,yes,2022,477000
Montréal,Ahuntsic,Single Family,3,3,1265,6922.0,2018,yes,yes,2022,547000
Dollard-des-Ormeaux,West Island,Single Family,3,4,950,4936.0,1994,yes,yes,2025,498000
Boucherville,Boucherville Centre,Townhouse,3,2,1043,3875.0,1983,yes,yes,2021,390000
Montréal,Rosemont,Single Family,4,3,2143,9758.0,1905,no,yes,2024,652000
Brossard,Solar Uniquartier,Duplex,5,3,1817,4764.0,1993,yes,yes,2024,683000
Saint-Bruno-de-Montarville,Centre-Ville,Single Family,3,2,1143,5848.0,1993,yes,yes,2023,540000
Laval,Pont-Viau,Single Family,3,1,1907,5233.0,1995,yes,yes,2022,610000
Montréal,Saint-Léonard,Townhouse,2,2,1157,2120.0,1971,yes,no,2023,409000
Repentigny,Repentigny Centre,Single Family,3,2,1540,7914.0,1997,yes,yes,2023,666000
Terrebonne,Terrebonne Ouest,Single Family,3,3,1390,6476.0,2019,yes,yes,2023,674000
Laval,Pont-Viau,Townhouse,3,3,887,3706.0,1958,yes,no,2022,289000
Gatineau,Aylmer,Single Family,3,4,1645,8075.0,2000,yes,yes,2025,656000
Saguenay,Jonquière,Townhouse,4,2,1233,2330.0,2009,yes,yes,2022,238000
Montréal,Saint-Léonard,Townhouse,3,3,1209,2403.0,1939,no,yes,2023,430000
Laval,Duvernay,Single Family,3,3,1877,7754.0,2016,yes,yes,2022,591000
Longueuil,Vieux-Longueuil,Single Family,6,3,1149,7039.0,1968,yes,yes,2025,737000
Montréal,Verdun,Single Family,5,1,1628,8327.0,1953,no,yes,2025,758000
Montréal,LaSalle,Townhouse,4,1,963,2351.0,1994,yes,yes,2021,307000
Montréal,Verdun,Single Family,4,2,1841,5688.0,1984,yes,no,2021,584000
Saint-Jean-sur-Richelieu,Iberville,Single Family,4,2,1823,7210.0,1968,yes,yes,2024,468000
Montréal,Ahuntsic,Single Family,5,2,1931,9125.0,2018,no,no,2024,613000
Trois-Rivières,Trois-Rivières-Ouest,Townhouse,3,2,1059,3682.0,1958,yes,yes,2023,234000
Laval,Fabreville,Single Family,4,3,1217,2905.0,2013,yes,yes,2025,571000
Québec,Val-Bélair,Single Family,4,2,982,12374.0,1924,yes,no,2025,359000
Saguenay,La Baie,Bungalow,3,2,1041,3098.0,2006,yes,yes,2025,272000
Candiac,Candiac Centre,Single Family,5,4,2006,5946.0,1975,yes,yes,2025,781000
Saint-Jérôme,Bellefeuille,Single Family,3,3,1393,10940.0,1981,yes,yes,2025,490000
Longueuil,Le Vieux-Longueuil,Townhouse,3,2,1115,3329.0,2005,yes,yes,2025,523000
Longueuil,Saint-Hubert,Single Family,2,2,1546,11172.0,1981,yes,yes,2022,546000
Montréal,Villeray,Triplex,6,5,2424,4782.0,1993,yes,yes,2024,1277000
Saint-Jean-sur-Richelieu,Centre-Ville,Townhouse,3,2,1330,3508.0,2023,yes,yes,2024,316000
Laval,Fabreville,Single Family,3,2,1294,9107.0,2020,no,yes,2024,593000
Gatineau,Aylmer,Single Family,4,3,1337,9855.0,1968,yes,yes,2023,497000
Brossard,Secteur B,Single Family,2,2,1643,7618.0,2012,yes,yes,2022,592000
Longueuil,Le Vieux-Longueuil,Single Family,2,2,1664,7260.0,1987,yes,yes,2025,730000
Gatineau,Hull,Townhouse,2,2,866,2380.0,1957,yes,yes,2023,293000
Pointe-Claire,West Island,Single Family,3,1,1787,9343.0,2016,yes,yes,2021,611000
Dollard-des-Ormeaux,West Island,Duplex,4,3,1742,5283.0,1959,yes,no,2023,527000
Laval,Chomedey,Single Family,5,3,1369,4191.0,2023,yes,no,2025,713000
Saint-Jean-sur-Richelieu,Iberville,Triplex,8,5,2231,7632.0,1960,yes,yes,2021,459000
Brossard,Secteur C,Duplex,4,3,1753,6441.0,1974,yes,yes,2025,789000
Saint-Bruno-de-Montarville,Centre-Ville,Townhouse,3,2,929,2871.0,1969,no,yes,2022,283000
Terrebonne,La Plaine,Bungalow,3,1,939,6908.0,2019,yes,yes,2021,458000
Montréal,Mercier,Single Family,6,3,1478,9283.0,2015,yes,yes,2025,825000
Québec,Beauport,Single Family,4,2,1118,13162.0,1972,yes,yes,2025,427000
Alma,Alma Centre,Single Family,3,2,1504,6424.0,1962,yes,yes,2022,258000
Longueuil,Greenfield Park,Single Family,3,1,1735,13033.0,1963,yes,yes,2023,746000
Longueuil,Greenfield Park,Single Family,3,2,1492,10659.0,2013,yes,yes,2025,840000
Montréal,Hochelaga-Maisonneuve,Single Family,3,3,1275,3752.0,1997,yes,yes,2022,491000
Longueuil,Saint-Hubert,Duplex,5,3,1685,5145.0,1958,yes,yes,2025,667000
Longueuil,Saint-Hubert,Single Family,3,3,1640,3762.0,1971,yes,yes,2025,803000
Montréal,Villeray,Single Family,4,3,1944,5843.0,1960,no,yes,2023,642000
Laval,Sainte-Dorothée,Single Family,5,3,1288,8558.0,1984,yes,no,2022,571000
Longueuil,Le Vieux-Longueuil,Single Family,4,3,1569,5242.0,1976,no,yes,2025,704000
Drummondville,Saint-Charles,Single Family,6,3,1651,5482.0,2013,yes,yes,2022,408000
Repentigny,Le Gardeur,Single Family,5,2,1072,7140.0,1987,yes,yes,2023,417000
Montréal,Verdun,Single Family,4,2,1962,9015.0,1992,yes,yes,2025,805000
Saguenay,La Baie,Triplex,6,5,2322,3882.0,1985,yes,no,2024,523000
Montréal,NDG,Duplex,3,4,1452,4165.0,2022,no,yes,2024,774000
Montréal,Lachine,Single Family,5,2,1016,4717.0,2021,no,no,2022,450000
Longueuil,Greenfield Park,Townhouse,3,2,997,3950.0,1978,yes,yes,2024,477000
Laval,Vimont,Duplex,5,3,1612,4068.0,1983,yes,yes,2025,669000
Vaudreuil-Dorion,Centre-Ville,Single Family,5,2,1396,7415.0,1985,yes,yes,2023,576000
Châteauguay,Centre-Ville,Townhouse,2,2,1109,3595.0,1998,yes,no,2023,252000
Montréal,Mercier,Townhouse,3,3,989,3030.0,1969,no,yes,2023,401000
Saint-Bruno-de-Montarville,Centre-Ville,Single Family,3,2,1879,6475.0,1960,yes,yes,2024,649000
Repentigny,Le Gardeur,Townhouse,3,2,1143,2504.0,2016,yes,no,2023,389000
Dollard-des-Ormeaux,West Island,Single Family,3,3,1320,8745.0,1956,yes,yes,2024,725000
Drummondville,Centre-Ville,Single Family,5,2,1649,5826.0,1960,yes,yes,2022,311000
Longueuil,Greenfield Park,Single Family,5,4,1133,5226.0,2017,no,yes,2022,487000
Lévis,Lévis Centre,Single Family,4,2,1900,11679.0,1961,yes,yes,2025,588000
Laval,Sainte-Dorothée,Single Family,4,4,1174,6644.0,1957,no,yes,2025,592000
Laval,Duvernay,Townhouse,3,2,1079,3765.0,1975,yes,yes,2025,494000
Montréal,Plateau-Mont-Royal,Single Family,2,1,1703,6067.0,2019,yes,yes,2024,648000
Saint-Jérôme,Centre-Ville,Single Family,4,3,2086,5972.0,1996,no,yes,2024,460000
Rouyn-Noranda,Rouyn Centre,Single Family,5,4,1256,3202.0,1975,yes,yes,2022,353000
Dollard-des-Ormeaux,West Island,Single Family,5,3,1777,8571.0,1992,yes,no,2025,732000
Terrebonne,Terrebonne Ouest,Single Family,3,4,1117,8295.0,1992,yes,yes,2023,537000
Trois-Rivières,Centre-Ville,Duplex,4,3,1424,6195.0,1989,yes,yes,2025,390000
Québec,Limoilou,Single Family,5,2,1529,5225.0,2023,yes,yes,2025,472000
Repentigny,Repentigny Centre,Single Family,4,2,1311,7304.0,2011,no,no,2023,552000
Longueuil,Saint-Hubert,Single Family,4,1,1613,3021.0,2022,yes,yes,2025,717000
Montréal,NDG,Single Family,3,2,1570,7183.0,1917,yes,no,2022,626000
Longueuil,Vieux-Longueuil,Townhouse,3,2,991,3664.0,1958,yes,yes,2022,425000
Brossard,Secteur C,Townhouse,3,2,1096,2109.0,2010,yes,no,2024,509000
Gatineau,Aylmer,Triplex,6,4,2004,3491.0,1986,no,no,2024,654000
Montréal,LaSalle,Single Family,3,3,1617,4125.0,1955,no,yes,2025,589000
Candiac,Candiac Centre,Single Family,4,2,1660,7431.0,2002,yes,yes,2024,582000
Saint-Jean-sur-Richelieu,Iberville,Single Family,3,3,1448,9572.0,1980,yes,yes,2025,431000
Montréal,Ville-Marie,Single Family,5,3,1638,6611.0,1976,no,yes,2022,481000
Montréal,Villeray,Single Family,4,3,1236,7083.0,1994,no,yes,2024,612000
Laval,Sainte-Dorothée,Single Family,5,1,1412,7730.0,2016,yes,no,2023,589000
Québec,Sainte-Foy,Single Family,4,2,1094,5821.0,1958,yes,yes,2025,326000
Longueuil,Vieux-Longueuil,Single Family,4,4,1085,7190.0,1981,yes,yes,2024,521000
Trois-Rivières,Centre-Ville,Single Family,3,2,1315,4627.0,2010,yes,yes,2024,334000
Laval,Duvernay,Single Family,4,3,1094,7453.0,2009,no,yes,2025,707000
Longueuil,Le Vieux-Longueuil,Single Family,3,2,1853,11230.0,2000,no,yes,2024,837000
Québec,Charlesbourg,Single Family,4,4,1762,12295.0,2022,no,yes,2024,543000
Drummondville,Centre-Ville,Single Family,4,2,1575,6248.0,1979,yes,yes,2024,426000
Trois-Rivières,Cap-de-la-Madeleine,Duplex,4,3,1401,6659.0,1998,yes,no,2025,397000
Terrebonne,La Plaine,Single Family,3,2,1635,6547.0,2002,yes,yes,2021,599000
Québec,Lebourgneuf,Duplex,5,3,2180,5931.0,1901,yes,yes,2025,620000
Sherbrooke,Fleurimont,Single Family,4,3,1882,6018.0,1975,yes,yes,2022,423000
Québec,Sainte-Foy,Single Family,4,3,1589,8052.0,1993,yes,yes,2025,516000
Longueuil,Vieux-Longueuil,Single Family,4,3,1762,6035.0,1970,yes,yes,2024,699000
Longueuil,Vieux-Longueuil,Townhouse,3,2,1311,2976.0,1980,no,yes,2025,485000
Gatineau,Gatineau Centre,Duplex,5,2,1832,4541.0,1956,yes,yes,2025,541000
Saint-Jérôme,Bellefeuille,Duplex,4,2,1828,4815.0,2014,no,yes,2023,417000
Châteauguay,Centre-Ville,Duplex,5,3,1474,2790.0,1991,yes,yes,2021,279000
Gatineau,Aylmer,Single Family,4,3,1716,6411.0,1998,yes,yes,2024,629000
Terrebonne,La Plaine,Single Family,5,2,1344,9230.0,1960,yes,yes,2023,671000
Saguenay,Chicoutimi,Single Family,4,3,1089,5739.0,2023,yes,no,2024,302000
Longueuil,Saint-Hubert,Single Family,4,3,1046,6163.0,2014,yes,no,2024,581000
Montréal,Pointe-aux-Trembles,Townhouse,3,1,1139,3133.0,1970,yes,yes,2024,396000
Québec,Sillery,Triplex,7,4,2424,5621.0,1952,yes,yes,2022,606000
Brossard,Secteur A,Single Family,2,2,1504,11895.0,2021,yes,yes,2022,592000
Sherbrooke,Lennoxville,Single Family,3,1,1902,5168.0,2012,yes,yes,2024,539000
Boucherville,Boucherville Centre,Single Family,4,2,1403,10054.0,1987,no,yes,2022,486000
Brossard,Secteur C,Townhouse,3,2,1078,2095.0,1999,yes,no,2022,386000
Pointe-Claire,West Island,Single Family,5,3,1526,10641.0,2012,yes,yes,2025,738000
Québec,Beauport,Townhouse,3,2,1243,2805.0,1955,no,yes,2025,310000
Brossard,Secteur B,Bungalow,3,2,1021,8290.0,1991,yes,no,2025,601000
Sherbrooke,Centre-Ville,Single Family,3,2,1301,9580.0,1955,yes,yes,2022,296000
Gatineau,Gatineau Centre,Townhouse,3,2,773,2930.0,2007,yes,yes,2024,337000
Brossard,Solar Uniquartier,Single Family,3,2,1809,7862.0,1963,no,yes,2024,561000
Montréal,Villeray,Single Family,6,2,1734,11461.0,1915,yes,no,2021,484000
Sherbrooke,Centre-Ville,Single Family,3,2,1964,8758.0,1990,yes,no,2022,466000
Repentigny,Le Gardeur,Single Family,6,3,1381,7796.0,2010,yes,yes,2025,803000
Rimouski,Rimouski Centre,Single Family,4,3,1430,8540.0,1976,yes,yes,2022,225000
Québec,Sillery,Townhouse,2,2,1375,2412.0,1911,yes,no,2025,294000
Drummondville,Centre-Ville,Duplex,3,3,1900,5359.0,1973,yes,yes,2024,353000
Saint-Bruno-de-Montarville,Centre-Ville,Single Family,4,3,953,6153.0,1971,no,yes,2022,449000
Québec,Charlesbourg,Triplex,5,5,1854,4315.0,1911,yes,yes,2025,564000
Trois-Rivières,Trois-Rivières-Ouest,Single Family,4,4,1833,6521.0,2009,no,yes,2023,436000
Saguenay,La Baie,Single Family,4,3,1484,9288.0,1984,yes,yes,2022,245000
Saint-Jean-sur-Richelieu,Centre-Ville,Single Family,3,2,1892,13047.0,1955,no,no,2023,476000
Terrebonne,Terrebonne Ouest,Duplex,4,3,1865,5583.0,2015,yes,no,2024,790000
Québec,Charlesbourg,Single Family,5,2,2091,6701.0,1965,yes,yes,2023,459000
Boucherville,Boucherville Centre,Townhouse,3,1,1085,3076.0,1976,yes,yes,2025,545000
Québec,Lebourgneuf,Single Family,4,3,1746,8231.0,1959,yes,yes,2024,592000
Sherbrooke,Rock Forest,Townhouse,3,2,1069,2180.0,2005,no,yes,2023,266000
Dollard-des-Ormeaux,West Island,Single Family,6,2,1571,6001.0,1976,yes,yes,2025,718000
Gatineau,Hull,Townhouse,3,3,1177,3580.0,1991,yes,yes,2025,508000
Drummondville,Centre-Ville,Townhouse,3,2,961,2112.0,1975,yes,yes,2025,295000
Montréal,Rosemont,Single Family,3,3,1526,9250.0,1922,yes,yes,2023,458000
Longueuil,Saint-Hubert,Single Family,3,4,875,7830.0,1959,yes,no,2022,414000
Victoriaville,Centre-Ville,Duplex,4,4,1606,5857.0,1992,yes,yes,2023,446000
Terrebonne,La Plaine,Single Family,5,3,2086,10115.0,2004,yes,yes,2022,753000
Québec,Sainte-Foy,Duplex,5,4,1369,5434.0,2011,yes,yes,2023,411000
Laval,Fabreville,Single Family,2,1,1534,5158.0,1980,yes,yes,2024,627000
Gatineau,Aylmer,Single Family,4,2,1398,5073.0,1978,no,yes,2024,534000
Brossard,Secteur A,Single Family,4,2,1497,7918.0,2016,yes,no,2024,678000
Boucherville,Boucherville Centre,Single Family,5,4,1024,10936.0,1978,no,yes,2024,525000
Brossard,Secteur A,Single Family,4,3,1884,3568.0,1982,no,yes,2023,587000
Blainville,Blainville Centre,Duplex,4,3,1893,4904.0,1957,no,yes,2022,414000
Alma,Alma Centre,Townhouse,3,1,1088,3523.0,1998,yes,yes,2025,220000
Québec,Sainte-Foy,Single Family,4,3,1259,13040.0,1957,no,yes,2021,286000
Saguenay,La Baie,Single Family,6,1,1842,6631.0,1975,yes,yes,2025,425000
Lévis,Charny,Single Family,3,4,1708,13564.0,2013,no,yes,2023,443000
Trois-Rivières,Trois-Rivières-Ouest,Duplex,4,3,1285,6321.0,2012,yes,yes,2023,324000
Montréal,Outremont,Single Family,3,2,1843,8538.0,1904,yes,yes,2025,805000
Laval,Vimont,Single Family,4,2,1095,12566.0,2001,no,yes,2024,597000
Saint-Jean-sur-Richelieu,Iberville,Single Family,6,2,1299,5518.0,2009,yes,no,2025,403000
Montréal,Saint-Léonard,Single Family,3,3,1522,7444.0,1955,yes,yes,2023,477000
Vaudreuil-Dorion,Centre-Ville,Bungalow,2,1,931,5896.0,1971,yes,yes,2022,326000
Québec,Charlesbourg,Townhouse,3,2,1100,3443.0,1927,yes,yes,2025,341000
Québec,Val-Bélair,Single Family,4,3,1783,6356.0,1937,yes,no,2024,389000
Drummondville,Centre-Ville,Single Family,3,2,911,6301.0,1969,yes,yes,2023,317000
Longueuil,Saint-Hubert,Townhouse,4,2,993,2805.0,1984,yes,yes,2025,497000
Montréal,Villeray,Single Family,6,3,942,11052.0,1993,yes,yes,2025,587000
Sherbrooke,Fleurimont,Single Family,3,2,1658,5376.0,1961,yes,yes,2021,403000
Montréal,Mercier,Single Family,4,2,2075,8805.0,1981,no,yes,2024,660000
Laval,Pont-Viau,Single Family,6,4,1758,4590.0,1986,yes,yes,2024,732000
Laval,Sainte-Dorothée,Duplex,5,3,1954,6496.0,1988,yes,yes,2025,667000
Lévis,Lévis Centre,Single Family,4,3,1522,7137.0,1967,yes,yes,2024,456000
Sherbrooke,Rock Forest,Single Family,2,2,1254,7856.0,1970,yes,no,2022,370000
Sherbrooke,Lennoxville,Triplex,7,3,2052,5761.0,1976,yes,yes,2025,785000
Longueuil,Le Vieux-Longueuil,Single Family,5,2,1528,7474.0,1970,no,yes,2025,599000
Brossard,Secteur A,Bungalow,3,1,974,4274.0,1962,yes,yes,2024,532000
Saint-Jean-sur-Richelieu,Centre-Ville,Duplex,5,4,1367,3112.0,1996,yes,yes,2022,267000
Pointe-Claire,West Island,Single Family,4,1,1019,7470.0,2023,yes,yes,2024,567000
Lévis,Charny,Townhouse,3,3,923,3778.0,2013,yes,no,2025,295000
Longueuil,Vieux-Longueuil,Single Family,4,2,1563,10545.0,1956,no,yes,2021,603000
Montréal,Mercier,Bungalow,3,2,1061,5164.0,2011,no,yes,2021,434000
Québec,Beauport,Single Family,3,3,1719,6778.0,1960,yes,yes,2022,448000
Longueuil,Vieux-Longueuil,Single Family,3,2,1267,9704.0,1976,yes,no,2023,633000
Montréal,Outremont,Single Family,5,3,1616,9801.0,1966,yes,no,2024,572000
Montréal,Verdun,Single Family,6,3,1371,5983.0,1910,yes,yes,2023,486000
Longueuil,Saint-Hubert,Single Family,3,1,1210,4891.0,2016,no,no,2024,662000
Laval,Fabreville,Triplex,4,4,2409,4137.0,1979,yes,yes,2025,1187000
Montréal,Hochelaga-Maisonneuve,Duplex,4,3,1392,4002.0,1935,no,yes,2023,498000
Montréal,Ville-Marie,Single Family,3,4,1901,10524.0,2014,no,yes,2023,607000
Laval,Sainte-Dorothée,Single Family,3,3,1499,4712.0,1967,yes,no,2023,631000
Repentigny,Le Gardeur,Single Family,4,3,1284,9971.0,2007,yes,yes,2023,548000
Drummondville,Saint-Charles,Single Family,6,2,1450,6481.0,1960,yes,yes,2021,383000
Victoriaville,Centre-Ville,Bungalow,4,1,751,5683.0,1968,yes,yes,2023,327000
Montréal,Villeray,Townhouse,3,2,953,3521.0,2020,yes,yes,2021,343000
Laval,Chomedey,Single Family,5,1,1316,8223.0,1984,yes,yes,2021,499000
Terrebonne,Lachenaie,Triplex,7,4,1854,2839.0,2021,yes,no,2024,883000
Dollard-des-Ormeaux,West Island,Bungalow,2,1,770,6181.0,2011,yes,yes,2024,491000
Québec,Sillery,Single Family,4,3,1041,8968.0,1981,yes,yes,2024,353000
Drummondville,Centre-Ville,Townhouse,2,2,946,2502.0,2022,no,yes,2023,266000
Longueuil,Saint-Hubert,Townhouse,2,3,758,2838.0,2014,yes,yes,2025,474000
Montréal,Plateau-Mont-Royal,Duplex,4,3,1848,6625.0,1977,no,yes,2022,736000
Boucherville,Boucherville Centre,Single Family,4,3,1405,3530.0,1959,yes,yes,2024,491000
Laval,Pont-Viau,Townhouse,2,2,849,2542.0,1987,no,yes,2021,315000
Saint-Jérôme,Centre-Ville,Single Family,4,2,1368,8291.0,1958,no,yes,2024,383000
Montréal,Lachine,Townhouse,3,2,1127,3126.0,2012,yes,no,2024,399000
Laval,Chomedey,Single Family,4,3,1287,5808.0,1958,yes,yes,2025,686000
Saguenay,Chicoutimi,Single Family,4,1,1003,4443.0,1982,yes,yes,2023,229000
Brossard,Secteur B,Single Family,4,4,1570,10166.0,1977,yes,yes,2022,580000
Québec,Sillery,Duplex,6,3,1874,5301.0,1990,no,yes,2025,556000
Terrebonne,La Plaine,Single Family,5,2,1962,10990.0,2019,no,yes,2025,854000
Montréal,Plateau-Mont-Royal,Single Family,3,3,1685,4085.0,1977,yes,yes,2025,694000
Montréal,Hochelaga-Maisonneuve,Single Family,5,3,1478,5837.0,1944,yes,yes,2023,490000
Québec,Sainte-Foy,Single Family,4,4,1593,9048.0,1986,yes,yes,2024,520000
Repentigny,Repentigny Centre,Single Family,3,2,1085,7649.0,1978,no,no,2022,529000
Longueuil,Saint-Hubert,Triplex,6,4,1749,4469.0,2022,no,yes,2024,863000
Val-d'Or,Val-d'Or Centre,Single Family,5,2,1579,12317.0,1989,yes,yes,2023,322000
Dollard-des-Ormeaux,West Island,Single Family,3,1,1310,10350.0,1957,yes,no,2022,444000
Montréal,Verdun,Single Family,4,3,1117,2954.0,2021,yes,no,2022,438000
Repentigny,Repentigny Centre,Townhouse,3,2,994,3733.0,1957,yes,yes,2021,321000
Longueuil,Vieux-Longueuil,Triplex,6,4,2531,4376.0,1973,yes,yes,2024,1002000
Sherbrooke,Centre-Ville,Single Family,3,3,1355,8772.0,1986,yes,no,2023,450000
Montréal,Rosemont,Single Family,4,3,1183,4007.0,1985,no,yes,2022,383000
Sept-Îles,Sept-Îles Centre,Townhouse,4,2,1271,4401.0,1994,no,yes,2023,187000
Laval,Sainte-Dorothée,Single Family,5,3,2040,5668.0,2000,yes,yes,2024,721000
Longueuil,Le Vieux-Longueuil,Single Family,4,2,1571,9077.0,2008,yes,yes,2025,726000
Gatineau,Hull,Single Family,4,2,1889,4193.0,2021,no,yes,2022,521000
Sherbrooke,Lennoxville,Single Family,6,2,1951,12270.0,1960,no,no,2024,515000
Boucherville,Boucherville Centre,Single Family,5,3,1457,5847.0,2008,yes,yes,2023,446000
Terrebonne,Terrebonne Ouest,Single Family,5,3,1205,11034.0,2017,no,yes,2024,696000
Vaudreuil-Dorion,Centre-Ville,Triplex,6,4,2101,4596.0,1959,yes,yes,2023,611000
Longueuil,Saint-Hubert,Duplex,5,3,1690,4024.0,2003,yes,yes,2025,830000
Saguenay,Chicoutimi,Duplex,4,3,1597,3650.0,2005,yes,yes,2024,284000
Laval,Fabreville,Townhouse,3,3,1223,3490.0,1963,no,yes,2023,373000
Sherbrooke,Rock Forest,Townhouse,4,2,1002,2344.0,2017,yes,yes,2022,257000
Laval,Vimont,Single Family,4,3,1204,14042.0,1960,yes,yes,2024,615000
Saint-Jean-sur-Richelieu,Iberville,Single Family,2,3,1503,8676.0,1983,yes,yes,2025,465000
Repentigny,Le Gardeur,Single Family,5,2,1246,7060.0,1979,yes,yes,2023,628000
Boucherville,Boucherville Centre,Townhouse,2,2,1224,1683.0,2008,yes,yes,2024,409000
Boucherville,Boucherville Centre,Single Family,4,2,1048,3539.0,2000,yes,no,2022,381000
Châteauguay,Centre-Ville,Single Family,3,2,1493,10279.0,1959,yes,yes,2025,522000
Montréal,Saint-Léonard,Single Family,6,4,1626,5551.0,1992,no,yes,2021,577000
Montréal,LaSalle,Townhouse,3,3,1013,3868.0,1977,no,yes,2023,332000
Rimouski,Rimouski Centre,Single Family,4,3,1708,9322.0,1992,no,yes,2021,230000
Laval,Sainte-Dorothée,Single Family,5,2,1282,11867.0,2021,yes,yes,2023,579000
Brossard,Secteur B,Single Family,3,2,1228,6865.0,1971,no,yes,2024,528000
Val-d'Or,Val-d'Or Centre,Townhouse,3,2,1304,2288.0,1984,yes,yes,2022,222000
Terrebonne,Terrebonne Ouest,Single Family,4,4,1635,6736.0,2002,no,yes,2022,649000
Longueuil,Le Vieux-Longueuil,Bungalow,2,2,778,3811.0,2008,no,yes,2023,558000
Brossard,Secteur A,Single Family,5,1,1451,4565.0,2011,yes,yes,2025,636000
Montréal,Plateau-Mont-Royal,Single Family,4,2,1835,5541.0,1957,no,yes,2025,657000
Montréal,Rosemont,Bungalow,3,1,1036,4746.0,2014,no,yes,2023,512000
Montréal,Ahuntsic,Single Family,4,3,1088,5233.0,1969,no,yes,2021,395000
Longueuil,Le Vieux-Longueuil,Townhouse,3,2,1049,2538.0,2012,yes,yes,2021,442000
Val-d'Or,Val-d'Or Centre,Single Family,4,3,1743,4593.0,2001,no,no,2023,239000
Montréal,LaSalle,Single Family,4,2,1579,14034.0,1979,yes,yes,2021,474000
Saint-Bruno-de-Montarville,Centre-Ville,Single Family,3,3,1601,10068.0,1981,yes,yes,2024,559000
Laval,Fabreville,Bungalow,3,1,1102,7056.0,2002,yes,no,2024,663000
Montréal,LaSalle,Duplex,4,3,1680,4144.0,1966,no,yes,2023,598000
Sherbrooke,Lennoxville,Single Family,5,3,1193,11083.0,2008,yes,yes,2022,377000
Montréal,Pointe-aux-Trembles,Townhouse,3,3,1126,2998.0,1928,no,no,2025,470000
Montréal,Ahuntsic,Single Family,4,3,1739,9383.0,2007,no,yes,2023,642000
Sherbrooke,Rock Forest,Single Family,4,1,1590,10621.0,1955,yes,yes,2022,372000
Laval,Fabreville,Duplex,6,3,1723,5291.0,1976,yes,no,2025,736000
Saguenay,Jonquière,Single Family,4,3,1005,6315.0,1957,yes,yes,2024,246000
Laval,Pont-Viau,Single Family,4,2,1507,6084.0,1960,yes,yes,2023,474000
Sherbrooke,Rock Forest,Triplex,6,4,2590,5894.0,2011,yes,yes,2025,879000
Longueuil,Saint-Hubert,Duplex,3,3,1930,4475.0,1975,yes,yes,2024,767000
Dollard-des-Ormeaux,West Island,Single Family,6,1,1224,7871.0,1958,yes,yes,2025,684000
Longueuil,Saint-Hubert,Townhouse,3,2,1042,3476.0,1958,yes,yes,2025,452000
Longueuil,Le Vieux-Longueuil,Single Family,4,3,1460,6486.0,1973,yes,yes,2024,753000
Gatineau,Buckingham,Single Family,5,3,1765,6338.0,1961,yes,yes,2025,808000
Gatineau,Buckingham,Triplex,5,6,1755,4230.0,1983,no,no,2025,739000
Montréal,Lachine,Single Family,4,2,1485,5139.0,1904,yes,yes,2022,556000
Québec,Beauport,Single Family,4,2,859,5494.0,1906,yes,no,2024,322000
Montréal,Verdun,Single Family,4,2,1169,3618.0,1947,yes,yes,2025,526000
Longueuil,Greenfield Park,Duplex,4,4,1348,6391.0,1964,yes,yes,2025,735000
Montréal,Ahuntsic,Duplex,5,4,1889,7271.0,1944,no,yes,2025,734000
Québec,Val-Bélair,Townhouse,3,2,1162,4260.0,1960,yes,no,2025,291000
Québec,Vanier,Townhouse,3,1,807,2268.0,2014,yes,yes,2024,274000
Lévis,Charny,Single Family,6,2,1363,13686.0,1977,yes,yes,2023,397000
Terrebonne,Lachenaie,Duplex,6,3,1729,4735.0,2008,yes,yes,2023,739000
Montréal,Mercier,Townhouse,3,2,863,3421.0,1909,no,yes,2025,332000
Québec,Sainte-Foy,Single Family,3,2,1075,9075.0,1993,yes,yes,2022,301000
Vaudreuil-Dorion,Centre-Ville,Single Family,4,4,1213,6642.0,1971,yes,yes,2024,526000
Laval,Fabreville,Single Family,3,2,1493,4461.0,1974,yes,no,2025,665000
Terrebonne,Lachenaie,Bungalow,3,2,853,4291.0,1964,yes,yes,2025,708000
Québec,Sillery,Single Family,5,2,1183,6422.0,1978,yes,no,2021,322000
Laval,Chomedey,Townhouse,3,2,984,3720.0,2003,yes,yes,2025,462000
Saguenay,La Baie,Duplex,5,3,1565,4320.0,1997,no,yes,2021,227000
Montréal,NDG,Duplex,4,2,1432,4431.0,1940,yes,yes,2024,884000
Lévis,Saint-Nicolas,Duplex,5,2,1417,3987.0,1980,yes,yes,2022,387000
Trois-Rivières,Cap-de-la-Madeleine,Duplex,4,4,1766,5725.0,1987,yes,yes,2024,366000
Montréal,Lachine,Single Family,3,4,2130,5507.0,1978,no,yes,2025,743000
Victoriaville,Centre-Ville,Townhouse,4,2,1049,2038.0,2001,no,yes,2025,395000
Laval,Chomedey,Single Family,2,3,1512,14061.0,2021,yes,yes,2025,708000
Longueuil,Greenfield Park,Single Family,4,2,1766,4378.0,1999,yes,yes,2024,793000
Laval,Pont-Viau,Duplex,5,3,1333,4241.0,1964,yes,yes,2023,559000
Saint-Jean-sur-Richelieu,Centre-Ville,Duplex,4,3,1743,5682.0,1989,yes,no,2024,350000
Québec,Beauport,Single Family,3,2,1570,8251.0,1923,no,yes,2025,372000
Québec,Lebourgneuf,Single Family,3,4,1553,12481.0,1917,no,yes,2022,408000
Rimouski,Rimouski Centre,Single Family,5,3,1811,9937.0,1995,yes,yes,2025,310000
Laval,Vimont,Single Family,3,2,1074,5757.0,1981,yes,no,2025,499000
Longueuil,Saint-Hubert,Duplex,5,3,1666,4720.0,2021,no,no,2023,629000
Rimouski,Rimouski Centre,Single Family,5,2,1446,5546.0,1994,yes,no,2023,255000
Montréal,Hochelaga-Maisonneuve,Duplex,6,4,1802,6777.0,2015,yes,no,2025,876000
Trois-Rivières,Centre-Ville,Single Family,3,3,1315,8020.0,1979,no,yes,2025,356000
Québec,Sainte-Foy,Townhouse,3,2,1006,2529.0,2003,yes,yes,2025,336000
Longueuil,Le Vieux-Longueuil,Single Family,5,3,1748,7512.0,2016,yes,yes,2023,819000
Québec,Sillery,Townhouse,3,2,1140,2250.0,1986,no,yes,2025,342000
Brossard,Solar Uniquartier,Single Family,4,3,1819,6953.0,1981,yes,no,2024,755000
Saint-Jean-sur-Richelieu,Iberville,Single Family,3,2,1104,6660.0,1983,no,yes,2024,273000
Terrebonne,La Plaine,Bungalow,4,1,1211,4673.0,1987,yes,yes,2024,703000
Gatineau,Aylmer,Townhouse,3,2,1299,2824.0,1993,yes,yes,2024,446000
Saint-Jérôme,Centre-Ville,Single Family,4,3,1769,6850.0,2016,yes,yes,2023,395000
Sherbrooke,Rock Forest,Townhouse,2,2,1170,2851.0,1976,no,yes,2023,258000
Dollard-des-Ormeaux,West Island,Single Family,2,1,1822,13617.0,2019,yes,no,2022,592000
Brossard,Solar Uniquartier,Triplex,8,5,2146,3751.0,1994,yes,yes,2025,971000
Rimouski,Rimouski Centre,Single Family,3,3,1175,4182.0,2010,no,yes,2023,191000
Laval,Duvernay,Single Family,5,4,1558,13787.0,1964,yes,yes,2025,722000
Gatineau,Aylmer,Single Family,4,2,1835,10987.0,1970,yes,yes,2022,594000
Rouyn-Noranda,Rouyn Centre,Townhouse,2,2,1109,3141.0,1974,yes,no,2024,325000
Drummondville,Saint-Charles,Single Family,5,2,1844,10777.0,2008,yes,yes,2025,552000
Châteauguay,Centre-Ville,Single Family,4,3,2101,8315.0,1991,yes,yes,2025,570000
Gatineau,Aylmer,Single Family,5,3,2034,9723.0,2008,yes,yes,2025,753000
Repentigny,Repentigny Centre,Townhouse,3,3,1216,1715.0,1986,yes,yes,2024,427000
Sherbrooke,Rock Forest,Triplex,6,5,2258,5062.0,1979,yes,yes,2022,602000
Lévis,Charny,Duplex,4,3,1679,4124.0,2002,no,yes,2024,395000
Drummondville,Saint-Charles,Townhouse,3,2,1157,3569.0,1980,no,yes,2024,324000
Repentigny,Le Gardeur,Single Family,5,3,1883,6349.0,2009,yes,yes,2023,765000
Granby,Centre-Ville,Single Family,6,3,1353,4889.0,2014,yes,yes,2022,387000
Montréal,Mercier,Townhouse,3,3,873,2365.0,1923,no,yes,2025,359000
Montréal,Verdun,Bungalow,3,2,824,5582.0,1946,no,no,2023,368000
Brossard,Solar Uniquartier,Bungalow,3,1,888,4643.0,1975,yes,yes,2023,464000
Montréal,Saint-Léonard,Single Family,4,3,1382,3796.0,1972,no,yes,2024,527000
Montréal,LaSalle,Single Family,3,3,1586,6003.0,1969,no,yes,2025,646000
Sherbrooke,Lennoxville,Duplex,4,3,1671,6172.0,1962,yes,yes,2022,511000
Terrebonne,La Plaine,Townhouse,2,2,1099,2623.0,2017,yes,yes,2025,486000
Laval,Fabreville,Triplex,6,4,2189,5652.0,1997,yes,yes,2023,761000
Lévis,Charny,Single Family,3,3,1974,12104.0,2013,yes,yes,2022,444000
Laval,Fabreville,Duplex,5,3,1809,4681.0,2010,yes,yes,2022,562000
Rimouski,Rimouski Centre,Single Family,3,2,1447,7279.0,1982,yes,yes,2022,209000
Drummondville,Saint-Charles,Townhouse,3,1,1001,2464.0,1999,no,yes,2025,284000
Blainville,Blainville Centre,Single Family,3,2,1718,10667.0,1998,no,yes,2023,463000
Gatineau,Buckingham,Single Family,2,2,1591,11608.0,1968,yes,yes,2023,657000
Longueuil,Vieux-Longueuil,Bungalow,3,2,976,5193.0,1982,no,no,2022,480000
Gatineau,Hull,Townhouse,2,2,1167,2526.0,2022,yes,yes,2024,480000
Longueuil,Vieux-Longueuil,Bungalow,3,2,766,4252.0,1980,yes,yes,2021,345000
Repentigny,Le Gardeur,Single Family,2,2,1212,6871.0,2013,yes,no,2023,495000
Saint-Jean-sur-Richelieu,Centre-Ville,Triplex,4,5,1918,3847.0,1956,yes,no,2025,658000
Candiac,Candiac Centre,Single Family,4,3,1348,9918.0,1957,no,yes,2024,515000
Québec,Charlesbourg,Duplex,4,3,1771,4374.0,1918,yes,no,2025,442000
Laval,Chomedey,Triplex,7,3,2279,5480.0,2013,yes,yes,2021,864000
Montréal,Outremont,Single Family,6,2,896,5252.0,2017,yes,no,2024,465000
Québec,Sainte-Foy,Duplex,5,2,2082,4675.0,1944,yes,no,2025,534000
Vaudreuil-Dorion,Centre-Ville,Townhouse,3,2,1069,3701.0,1955,yes,yes,2024,373000
Blainville,Blainville Centre,Single Family,4,3,1451,5266.0,1968,yes,no,2022,376000
Gatineau,Aylmer,Single Family,5,2,1516,6110.0,1994,yes,yes,2025,667000
Longueuil,Greenfield Park,Townhouse,3,2,1048,1829.0,2002,yes,yes,2024,495000
Gatineau,Hull,Duplex,5,2,1344,6021.0,1975,yes,yes,2025,507000
Montréal,Plateau-Mont-Royal,Single Family,4,2,1122,7219.0,1927,no,yes,2022,407000
Québec,Beauport,Triplex,6,4,2515,4661.0,1979,yes,no,2023,593000
Montréal,Verdun,Single Family,4,4,1504,10240.0,2012,yes,yes,2024,654000
Québec,Sainte-Foy,Duplex,6,3,1296,5125.0,2012,no,no,2024,377000
Longueuil,Le Vieux-Longueuil,Single Family,2,2,1540,7156.0,1996,yes,yes,2022,609000
Montréal,Mercier,Single Family,3,2,1841,13590.0,1957,yes,yes,2025,749000
Repentigny,Repentigny Centre,Townhouse,4,2,1170,2949.0,2011,yes,yes,2022,401000
Québec,Val-Bélair,Duplex,4,3,1622,3634.0,1948,no,yes,2024,383000
Longueuil,Greenfield Park,Single Family,3,1,1228,6992.0,1956,yes,no,2024,579000
Saguenay,La Baie,Single Family,4,3,1262,5517.0,2013,yes,yes,2025,296000
Montréal,Ville-Marie,Single Family,4,3,1407,2942.0,1941,yes,yes,2025,636000
Laval,Pont-Viau,Single Family,3,2,1242,8777.0,2016,yes,no,2023,600000
Longueuil,Vieux-Longueuil,Single Family,3,2,1916,10063.0,2012,yes,no,2024,796000
Brossard,Solar Uniquartier,Townhouse,2,2,1047,2780.0,1985,yes,yes,2021,367000
Longueuil,Greenfield Park,Townhouse,3,3,1180,3108.0,1967,yes,no,2025,453000
Montréal,Plateau-Mont-Royal,Single Family,3,3,1458,6140.0,1927,yes,no,2023,470000
Laval,Duvernay,Single Family,4,2,1162,12857.0,1963,yes,yes,2021,512000
Laval,Vimont,Single Family,5,2,1317,7405.0,2007,yes,no,2021,470000
Québec,Limoilou,Duplex,6,2,2010,6420.0,1928,yes,yes,2023,401000
Brossard,Secteur C,Single Family,4,2,1334,7803.0,1958,yes,yes,2022,490000
Repentigny,Le Gardeur,Bungalow,3,1,892,6693.0,2022,yes,yes,2023,514000
Montréal,Lachine,Townhouse,3,2,1032,3355.0,1906,no,yes,2022,369000
Laval,Vimont,Triplex,8,6,2366,4707.0,1980,yes,yes,2022,930000
Saint-Jérôme,Bellefeuille,Single Family,4,3,1445,8698.0,1958,yes,no,2024,398000
Longueuil,Vieux-Longueuil,Single Family,4,3,1485,10583.0,1995,no,yes,2023,553000
Trois-Rivières,Trois-Rivières-Ouest,Single Family,5,2,881,9666.0,2012,no,yes,2025,373000
Québec,Beauport,Duplex,5,4,2015,5961.0,1951,no,yes,2021,307000
Québec,Sillery,Single Family,5,3,1201,12245.0,1931,no,no,2023,411000
Sherbrooke,Centre-Ville,Duplex,4,3,1562,3302.0,1973,yes,yes,2022,417000
Laval,Fabreville,Single Family,3,2,1517,7629.0,1984,yes,yes,2024,600000
Montréal,Villeray,Single Family,4,3,1155,9980.0,1913,no,yes,2025,483000
Granby,Centre-Ville,Single Family,5,2,1188,6937.0,1995,yes,yes,2024,454000
Longueuil,Vieux-Longueuil,Townhouse,4,2,988,2904.0,1976,yes,yes,2024,467000
Granby,Centre-Ville,Single Family,3,3,1638,10591.0,1979,no,no,2021,400000
Laval,Duvernay,Single Family,2,3,1631,3993.0,1960,no,no,2021,522000
Québec,Lebourgneuf,Townhouse,3,1,974,2464.0,1927,yes,yes,2025,402000
Gatineau,Buckingham,Single Family,4,2,1531,9389.0,1964,yes,yes,2025,612000
Longueuil,Le Vieux-Longueuil,Single Family,3,3,1569,6518.0,2006,yes,yes,2025,698000
Montréal,NDG,Single Family,2,1,1199,7756.0,1960,no,yes,2025,562000
Montréal,Plateau-Mont-Royal,Single Family,3,2,1360,11501.0,1988,yes,no,2024,616000
Québec,Lebourgneuf,Bungalow,3,1,1018,8206.0,2007,no,yes,2024,422000
Trois-Rivières,Trois-Rivières-Ouest,Single Family,6,2,1846,8130.0,1985,yes,yes,2023,350000
Montréal,Outremont,Single Family,4,3,1301,9979.0,1959,no,yes,2025,662000
Brossard,Secteur B,Single Family,3,2,1407,6890.0,1997,yes,yes,2025,627000
Montréal,Verdun,Duplex,6,2,1855,6141.0,1957,no,yes,2024,673000
Saguenay,Chicoutimi,Duplex,5,3,1712,4392.0,1967,yes,yes,2022,245000
Montréal,Outremont,Duplex,5,3,1768,4273.0,2010,no,no,2024,736000
Montréal,Lachine,Single Family,4,2,1970,4515.0,1952,no,yes,2024,645000
Québec,Charlesbourg,Single Family,4,4,1366,6557.0,1996,yes,yes,2025,497000
Montréal,Mercier,Single Family,5,3,1625,8185.0,1989,no,no,2025,696000
Terrebonne,Lachenaie,Single Family,4,2,1455,5949.0,1995,yes,yes,2024,582000
Mirabel,Sainte-Monique,Duplex,5,3,1862,4728.0,2012,yes,no,2021,446000
Québec,Vanier,Duplex,5,4,2107,4565.0,1961,yes,no,2023,426000
Montréal,Mercier,Townhouse,2,2,1275,2550.0,2001,no,yes,2025,461000
Repentigny,Repentigny Centre,Single Family,5,2,1514,5712.0,2008,no,no,2021,534000
Lévis,Lévis Centre,Townhouse,3,2,1330,2426.0,1988,no,yes,2024,283000
Saint-Bruno-de-Montarville,Centre-Ville,Single Family,3,3,1085,8725.0,2010,no,yes,2023,456000
Granby,Centre-Ville,Single Family,4,2,1134,6060.0,1968,yes,yes,2024,397000
Rimouski,Rimouski Centre,Single Family,5,3,1803,8123.0,2009,yes,yes,2025,406000
Rouyn-Noranda,Rouyn Centre,Single Family,5,2,1850,5021.0,1981,yes,yes,2025,423000
Sherbrooke,Lennoxville,Single Family,3,1,1885,8268.0,2012,yes,yes,2025,511000
Dollard-des-Ormeaux,West Island,Single Family,4,4,997,6405.0,2006,yes,yes,2025,497000
Montréal,LaSalle,Single Family,4,3,1315,12281.0,2011,no,yes,2025,622000
Drummondville,Centre-Ville,Duplex,4,4,1535,4136.0,2006,yes,yes,2023,368000
Gatineau,Buckingham,Single Family,3,3,1073,10222.0,1971,yes,yes,2024,538000
Longueuil,Greenfield Park,Townhouse,3,2,1193,2223.0,1960,yes,yes,2024,495000
Saint-Bruno-de-Montarville,Centre-Ville,Duplex,6,3,1925,3707.0,1993,yes,yes,2021,488000
Saguenay,Jonquière,Single Family,6,1,1421,8977.0,2020,yes,yes,2021,280000
Sherbrooke,Lennoxville,Single Family,4,3,1088,8437.0,2006,yes,yes,2025,436000
Trois-Rivières,Centre-Ville,Townhouse,2,2,1250,2065.0,2010,yes,yes,2023,243000
Québec,Lebourgneuf,Single Family,3,2,1371,4435.0,2019,yes,no,2025,415000
Terrebonne,La Plaine,Townhouse,3,2,945,2845.0,2020,no,yes,2025,515000
Pointe-Claire,West Island,Townhouse,3,1,1213,4162.0,1972,yes,no,2024,377000
Laval,Sainte-Dorothée,Single Family,3,2,1685,8367.0,2018,yes,yes,2024,652000
Terrebonne,La Plaine,Single Family,3,2,1109,4877.0,1996,yes,yes,2021,486000
Montréal,Ville-Marie,Single Family,3,3,2006,4416.0,1972,yes,no,2024,728000
Montréal,Villeray,Single Family,4,1,1494,13504.0,2013,yes,yes,2021,504000
Sherbrooke,Lennoxville,Single Family,4,1,1396,9789.0,2016,yes,yes,2024,441000
Québec,Lebourgneuf,Single Family,5,3,1420,12485.0,1992,yes,yes,2023,402000
Terrebonne,Terrebonne Ouest,Single Family,6,3,1122,5931.0,1964,no,yes,2024,577000
Laval,Chomedey,Duplex,5,4,1983,5115.0,1962,yes,yes,2022,593000
Québec,Limoilou,Duplex,3,2,1980,4506.0,1907,no,yes,2023,402000
Blainville,Blainville Centre,Single Family,4,3,1928,8281.0,1964,no,yes,2024,504000
Montréal,Rosemont,Townhouse,3,2,999,2440.0,2006,no,yes,2021,273000
Sept-Îles,Sept-Îles Centre,Triplex,7,4,1947,4122.0,1962,yes,yes,2025,341000
Baie-Comeau,Baie-Comeau Centre,Single Family,5,3,1434,10247.0,1990,yes,yes,2025,280000
Montréal,Villeray,Single Family,5,4,1863,4734.0,1916,no,yes,2025,858000
Montréal,Ahuntsic,Single Family,3,3,1673,6653.0,1909,yes,no,2022,514000
Québec,Charlesbourg,Duplex,4,3,2001,4571.0,1919,yes,yes,2025,427000
Châteauguay,Centre-Ville,Townhouse,3,2,1116,3747.0,1961,yes,no,2024,307000
Terrebonne,Lachenaie,Single Family,3,2,1662,7096.0,2016,yes,yes,2025,808000
Lévis,Lévis Centre,Single Family,4,2,1525,6358.0,1978,yes,no,2024,462000
Saint-Jean-sur-Richelieu,Centre-Ville,Single Family,4,1,1244,8820.0,1957,yes,yes,2021,314000
Blainville,Blainville Centre,Single Family,4,2,1332,11567.0,1961,yes,no,2021,371000
Châteauguay,Centre-Ville,Single Family,3,3,1375,6852.0,1970,yes,yes,2024,335000
Saint-Bruno-de-Montarville,Centre-Ville,Single Family,3,4,1291,10207.0,2012,yes,yes,2024,621000
Montréal,Saint-Léonard,Single Family,4,3,1255,6077.0,2004,yes,yes,2023,554000
Montréal,Ville-Marie,Triplex,6,5,2750,5447.0,2015,yes,yes,2025,1189000
Montréal,Ahuntsic,Townhouse,3,2,1128,2314.0,1968,no,yes,2023,448000
Châteauguay,Centre-Ville,Duplex,4,4,1839,5861.0,1999,no,yes,2022,307000
Repentigny,Le Gardeur,Single Family,6,3,847,10663.0,1994,yes,yes,2023,506000
Sherbrooke,Lennoxville,Single Family,4,4,1411,9036.0,1985,yes,no,2023,406000
Rimouski,Rimouski Centre,Single Family,5,2,1432,6474.0,2010,yes,no,2022,198000
Montréal,Villeray,Duplex,4,2,1692,6070.0,1953,yes,no,2024,680000
Brossard,Secteur B,Bungalow,2,1,954,4686.0,1994,yes,yes,2024,431000
